sequence,sid,pos_acts_toeachother,neg_acts_toeachother,pos_acts_together,neg_acts_together,pos_char1_acts,neg_char1_acts,pos_char2_acts,neg_char2_acts,pos,neg,filename,unique_ID,29:posFramesFired,30:negFramesFired,31:otherFramesFired,32:posFramewrtCharFired,33:negFramewrtCharFired,34:otherFrameswrtCharFired,manualLabel
1,s0,0,0,0,0,0,0,0,1,0,1,aeschylus.libation.0.3.sent,aeschylus.libation.0.3.sents0,2,2,1,1,2,1,p
1,s9,0,0,0,0,0,0,0,0,0,0,aeschylus.libation.0.3.sent,aeschylus.libation.0.3.sents9,1,1,0,0,0,0,p
1,s10,0,0,0,0,0,0,1,0,0,0,aeschylus.libation.0.3.sent,aeschylus.libation.0.3.sents10,2,1,0,0,0,0,p
1,s12,0,0,0,0,0,0,0,0,0,0,aeschylus.libation.0.3.sent,aeschylus.libation.0.3.sents12,0,1,0,0,0,0,p
1,s13,0,0,0,0,0,0,0,0,0,2,aeschylus.libation.0.3.sent,aeschylus.libation.0.3.sents13,0,0,0,0,0,0,p
1,s14,0,0,0,0,0,0,0,0,0,0,aeschylus.libation.0.3.sent,aeschylus.libation.0.3.sents14,0,0,0,0,0,0,p
1,s17,0,0,0,0,0,0,0,0,0,0,aeschylus.libation.0.3.sent,aeschylus.libation.0.3.sents17,1,0,0,1,0,0,p
1,s21,0,0,1,0,0,0,0,0,1,0,aeschylus.libation.0.3.sent,aeschylus.libation.0.3.sents21,0,2,1,0,2,1,p
1,s23,0,0,0,0,0,0,0,0,0,0,aeschylus.libation.0.3.sent,aeschylus.libation.0.3.sents23,0,0,0,0,0,0,p
1,s24,0,0,0,0,0,0,0,0,0,0,aeschylus.libation.0.3.sent,aeschylus.libation.0.3.sents24,0,1,0,0,0,0,p
2,s0,0,0,0,0,0,0,0,0,1,0,aeschylus.libation.0.5.sent,aeschylus.libation.0.5.sents0,2,2,1,0,2,0,n
2,s12,0,0,0,0,0,0,0,0,0,0,aeschylus.libation.0.5.sent,aeschylus.libation.0.5.sents12,0,1,0,0,0,0,n
2,s14,0,0,0,0,0,0,0,0,0,1,aeschylus.libation.0.5.sent,aeschylus.libation.0.5.sents14,0,0,0,0,0,0,n
2,s16,0,0,0,0,0,0,0,0,0,1,aeschylus.libation.0.5.sent,aeschylus.libation.0.5.sents16,0,0,0,0,0,0,n
2,s20,0,0,0,0,0,0,0,0,0,0,aeschylus.libation.0.5.sent,aeschylus.libation.0.5.sents20,0,0,0,0,0,0,n
2,s24,0,0,0,0,0,0,0,0,1,0,aeschylus.libation.0.5.sent,aeschylus.libation.0.5.sents24,0,1,0,0,0,0,n
3,s0,0,0,0,0,0,0,0,1,1,0,aeschylus.libation.2.3.sent,aeschylus.libation.2.3.sents0,2,2,1,1,2,1,n
3,s10,0,0,1,0,0,1,0,0,1,1,aeschylus.libation.2.3.sent,aeschylus.libation.2.3.sents10,2,1,0,0,0,0,n
3,s14,0,0,0,0,0,0,0,0,0,0,aeschylus.libation.2.3.sent,aeschylus.libation.2.3.sents14,0,0,0,0,0,0,n
3,s15,0,0,0,0,0,0,0,0,0,1,aeschylus.libation.2.3.sent,aeschylus.libation.2.3.sents15,0,0,0,0,0,0,n
3,s17,0,0,0,0,0,0,0,0,0,0,aeschylus.libation.2.3.sent,aeschylus.libation.2.3.sents17,1,0,0,1,0,0,n
4,s0,0,0,0,0,0,1,0,0,1,0,aeschylus.libation.3.5.sent,aeschylus.libation.3.5.sents0,2,2,1,1,2,1,n
4,s12,0,0,0,0,0,0,0,0,0,0,aeschylus.libation.3.5.sent,aeschylus.libation.3.5.sents12,0,1,0,0,0,0,n
4,s14,0,0,0,0,0,0,0,0,0,1,aeschylus.libation.3.5.sent,aeschylus.libation.3.5.sents14,0,0,0,0,0,0,n
4,s15,0,0,0,0,0,0,0,0,0,1,aeschylus.libation.3.5.sent,aeschylus.libation.3.5.sents15,0,0,0,0,0,0,n
4,s18,0,0,0,0,0,0,0,1,0,1,aeschylus.libation.3.5.sent,aeschylus.libation.3.5.sents18,0,0,0,0,0,0,n
4,s22,1,0,0,1,0,0,0,0,0,1,aeschylus.libation.3.5.sent,aeschylus.libation.3.5.sents22,0,0,1,0,0,1,n
4,s24,0,0,0,0,0,0,0,0,1,0,aeschylus.libation.3.5.sent,aeschylus.libation.3.5.sents24,0,1,0,0,0,0,n
5,s5,0,0,0,0,0,0,0,0,0,0,agee.death.0.1.sent,agee.death.0.1.sents5,0,0,1,0,0,1,n
5,s6,0,0,0,0,0,0,0,0,0,0,agee.death.0.1.sent,agee.death.0.1.sents6,0,1,1,0,1,1,n
5,s7,0,0,0,0,0,1,0,0,1,1,agee.death.0.1.sent,agee.death.0.1.sents7,0,0,0,0,0,0,n
5,s15,0,0,0,0,0,1,0,0,1,0,agee.death.0.1.sent,agee.death.0.1.sents15,0,0,1,0,0,1,n
5,s40,0,0,0,0,0,0,1,0,1,0,agee.death.0.1.sent,agee.death.0.1.sents40,0,0,1,0,0,0,n
5,s41,0,0,0,0,0,0,0,0,0,1,agee.death.0.1.sent,agee.death.0.1.sents41,1,0,0,0,0,0,n
6,s10,0,0,0,0,0,0,0,0,0,0,agee.death.1.4.sent,agee.death.1.4.sents10,1,0,0,1,0,0,p
6,s11,0,0,0,0,0,0,1,0,0,1,agee.death.1.4.sent,agee.death.1.4.sents11,0,1,1,0,1,1,p
6,s12,0,0,1,0,0,0,0,0,2,0,agee.death.1.4.sent,agee.death.1.4.sents12,1,0,0,1,0,0,p
6,s14,0,0,0,0,0,0,0,0,0,0,agee.death.1.4.sent,agee.death.1.4.sents14,0,0,1,0,0,1,p
6,s21,0,0,0,0,0,0,0,0,0,1,agee.death.1.4.sent,agee.death.1.4.sents21,1,0,1,1,0,1,p
6,s30,0,0,0,0,0,0,0,0,0,0,agee.death.1.4.sent,agee.death.1.4.sents30,0,0,0,0,0,0,p
6,s41,0,0,0,0,0,0,0,0,0,0,agee.death.1.4.sent,agee.death.1.4.sents41,1,0,0,0,0,0,p
6,s42,0,0,0,0,0,0,0,0,0,0,agee.death.1.4.sent,agee.death.1.4.sents42,0,0,0,0,0,0,p
6,s44,0,0,0,0,0,0,0,0,0,0,agee.death.1.4.sent,agee.death.1.4.sents44,0,0,0,0,0,0,p
7,s30,0,0,0,0,0,0,0,0,0,1,agee.death.1.9.sent,agee.death.1.9.sents30,0,0,0,0,0,0,p
7,s36,0,0,0,0,0,1,0,0,0,0,agee.death.1.9.sent,agee.death.1.9.sents36,0,0,0,0,0,0,p
7,s40,0,0,0,0,1,0,0,0,1,0,agee.death.1.9.sent,agee.death.1.9.sents40,0,0,1,0,0,0,p
7,s42,0,0,0,0,0,0,0,0,0,0,agee.death.1.9.sent,agee.death.1.9.sents42,0,0,0,0,0,0,p
7,s70,0,0,0,0,0,1,0,0,0,2,agee.death.1.9.sent,agee.death.1.9.sents70,0,0,1,0,0,0,p
8,s18,0,0,0,0,0,0,0,0,0,0,agee.death.3.4.sent,agee.death.3.4.sents18,0,0,0,0,0,0,p
8,s23,0,0,0,1,0,0,0,0,0,0,agee.death.3.4.sent,agee.death.3.4.sents23,0,0,0,0,0,0,p
8,s34,0,0,0,0,0,0,0,0,0,0,agee.death.3.4.sent,agee.death.3.4.sents34,0,0,0,0,0,0,p
8,s43,0,0,0,0,0,0,0,0,0,0,agee.death.3.4.sent,agee.death.3.4.sents43,0,0,0,0,0,0,p
8,s47,0,0,0,0,0,0,0,0,0,0,agee.death.3.4.sent,agee.death.3.4.sents47,0,0,0,0,0,0,p
8,s61,0,0,1,0,0,0,0,0,0,0,agee.death.3.4.sent,agee.death.3.4.sents61,0,0,2,0,0,0,p
8,s71,0,0,0,1,0,0,0,0,0,0,agee.death.3.4.sent,agee.death.3.4.sents71,0,2,0,0,0,0,p
9,s18,0,0,0,0,0,0,0,0,0,0,agee.death.3.7.sent,agee.death.3.7.sents18,0,0,0,0,0,0,p
9,s19,0,0,0,0,0,0,0,0,0,0,agee.death.3.7.sent,agee.death.3.7.sents19,1,0,1,1,0,1,p
9,s20,0,0,0,0,0,0,0,0,0,0,agee.death.3.7.sent,agee.death.3.7.sents20,2,0,0,2,0,0,p
9,s54,0,0,0,0,0,0,0,0,0,0,agee.death.3.7.sent,agee.death.3.7.sents54,0,0,1,0,0,1,p
9,s59,0,0,0,1,0,0,0,0,0,2,agee.death.3.7.sent,agee.death.3.7.sents59,0,0,1,0,0,0,n
9,s60,0,0,0,0,0,0,0,0,0,0,agee.death.3.7.sent,agee.death.3.7.sents60,0,0,0,0,0,0,p
9,s71,0,0,0,0,0,1,0,0,0,2,agee.death.3.7.sent,agee.death.3.7.sents71,0,2,0,0,0,0,p
10,s26,0,0,0,0,0,0,0,0,0,0,agee.death.4.8.sent,agee.death.4.8.sents26,0,0,1,0,0,1,p
10,s27,0,0,0,0,0,0,0,0,0,0,agee.death.4.8.sent,agee.death.4.8.sents27,0,0,0,0,0,0,p
10,s32,0,0,0,0,0,0,0,0,1,0,agee.death.4.8.sent,agee.death.4.8.sents32,0,0,0,0,0,0,p
10,s33,0,0,0,0,0,0,0,0,2,0,agee.death.4.8.sent,agee.death.4.8.sents33,0,0,0,0,0,0,p
10,s34,0,0,0,0,0,0,0,0,0,0,agee.death.4.8.sent,agee.death.4.8.sents34,0,0,0,0,0,0,p
11,s22,0,0,0,0,0,0,0,0,0,0,agee.death.4.9.sent,agee.death.4.9.sents22,2,0,2,1,0,1,p
11,s29,0,0,0,0,0,0,0,0,0,0,agee.death.4.9.sent,agee.death.4.9.sents29,0,0,0,0,0,0,p
11,s30,0,0,0,0,0,0,0,0,0,1,agee.death.4.9.sent,agee.death.4.9.sents30,0,0,0,0,0,0,p
11,s34,0,0,0,0,0,0,0,0,0,0,agee.death.4.9.sent,agee.death.4.9.sents34,0,0,0,0,0,0,p
11,s42,0,0,0,0,0,0,0,0,0,0,agee.death.4.9.sent,agee.death.4.9.sents42,0,0,0,0,0,0,p
11,s43,0,0,0,0,0,0,0,0,0,0,agee.death.4.9.sent,agee.death.4.9.sents43,0,0,0,0,0,0,p
11,s71,0,0,0,1,0,0,0,1,0,1,agee.death.4.9.sent,agee.death.4.9.sents71,0,2,0,0,2,0,p
12,s11,0,0,0,0,0,0,0,0,1,0,ahmed.border.0.2.sent,ahmed.border.0.2.sents11,2,0,2,2,0,2,p
12,s12,0,0,0,0,0,0,0,0,0,1,ahmed.border.0.2.sent,ahmed.border.0.2.sents12,0,1,2,0,1,2,p
12,s13,0,0,0,1,0,0,1,0,1,1,ahmed.border.0.2.sent,ahmed.border.0.2.sents13,0,0,3,0,0,3,p
12,s14,0,0,0,0,0,0,0,0,0,0,ahmed.border.0.2.sent,ahmed.border.0.2.sents14,0,0,1,0,0,1,p
12,s15,0,0,0,0,0,0,0,0,0,0,ahmed.border.0.2.sent,ahmed.border.0.2.sents15,1,0,2,1,0,2,p
13,s12,0,0,0,0,0,0,0,0,0,0,aidoo.changes.1.4.sent,aidoo.changes.1.4.sents12,3,0,0,0,0,0,p
13,s18,0,0,0,0,0,0,0,0,0,0,aidoo.changes.1.4.sent,aidoo.changes.1.4.sents18,1,0,0,0,0,0,p
13,s19,0,0,1,0,0,0,0,0,1,0,aidoo.changes.1.4.sent,aidoo.changes.1.4.sents19,1,0,0,1,0,0,p
13,s29,0,0,0,0,0,0,0,0,0,0,aidoo.changes.1.4.sent,aidoo.changes.1.4.sents29,1,0,0,1,0,0,p
13,s38,0,0,0,0,0,0,0,0,0,0,aidoo.changes.1.4.sent,aidoo.changes.1.4.sents38,0,0,0,0,0,0,p
13,s53,0,0,0,0,0,0,0,0,0,0,aidoo.changes.1.4.sent,aidoo.changes.1.4.sents53,0,0,0,0,0,0,p
13,s59,0,0,0,0,0,0,0,0,0,0,aidoo.changes.1.4.sent,aidoo.changes.1.4.sents59,0,0,0,0,0,0,p
14,s3,0,0,0,0,0,0,0,0,0,0,aidoo.changes.4.5.sent,aidoo.changes.4.5.sents3,1,0,0,1,0,0,p
14,s4,0,0,0,0,0,0,0,0,0,0,aidoo.changes.4.5.sent,aidoo.changes.4.5.sents4,0,1,2,0,1,2,p
14,s5,0,0,0,0,0,0,0,0,0,0,aidoo.changes.4.5.sent,aidoo.changes.4.5.sents5,1,1,0,1,1,0,p
14,s6,0,0,0,0,0,0,0,0,0,1,aidoo.changes.4.5.sent,aidoo.changes.4.5.sents6,0,0,0,0,0,0,p
14,s8,0,0,0,0,0,0,0,0,0,0,aidoo.changes.4.5.sent,aidoo.changes.4.5.sents8,0,0,0,0,0,0,p
14,s18,0,0,0,0,0,0,0,0,0,0,aidoo.changes.4.5.sent,aidoo.changes.4.5.sents18,1,0,0,0,0,0,p
14,s19,0,0,1,0,0,0,0,1,1,1,aidoo.changes.4.5.sent,aidoo.changes.4.5.sents19,1,0,0,1,0,0,p
14,s24,0,0,0,0,0,0,0,0,0,0,aidoo.changes.4.5.sent,aidoo.changes.4.5.sents24,2,0,0,1,0,0,p
14,s26,0,0,0,0,0,0,0,0,0,0,aidoo.changes.4.5.sent,aidoo.changes.4.5.sents26,0,0,0,0,0,0,p
14,s27,0,0,0,0,0,0,0,0,0,0,aidoo.changes.4.5.sent,aidoo.changes.4.5.sents27,3,0,1,3,0,1,p
14,s28,0,0,0,0,0,0,0,0,0,0,aidoo.changes.4.5.sent,aidoo.changes.4.5.sents28,0,0,1,0,0,1,p
14,s30,0,0,0,0,0,0,0,0,0,0,aidoo.changes.4.5.sent,aidoo.changes.4.5.sents30,1,0,1,1,0,1,p
14,s32,0,0,0,0,0,0,0,0,0,0,aidoo.changes.4.5.sent,aidoo.changes.4.5.sents32,1,0,1,1,0,1,p
14,s34,0,0,0,0,0,0,0,0,0,0,aidoo.changes.4.5.sent,aidoo.changes.4.5.sents34,1,0,1,1,0,1,p
14,s36,0,0,0,0,0,0,0,0,0,0,aidoo.changes.4.5.sent,aidoo.changes.4.5.sents36,0,0,1,0,0,1,p
14,s42,0,0,0,0,0,0,0,0,0,0,aidoo.changes.4.5.sent,aidoo.changes.4.5.sents42,0,0,0,0,0,0,p
14,s44,0,0,1,0,0,1,0,0,0,1,aidoo.changes.4.5.sent,aidoo.changes.4.5.sents44,0,1,1,0,1,1,p
14,s45,0,0,0,0,0,0,0,0,0,0,aidoo.changes.4.5.sent,aidoo.changes.4.5.sents45,0,0,0,0,0,0,n
14,s50,0,0,0,0,0,0,0,0,0,0,aidoo.changes.4.5.sent,aidoo.changes.4.5.sents50,0,0,0,0,0,0,n
14,s56,0,0,0,0,0,0,0,0,0,0,aidoo.changes.4.5.sent,aidoo.changes.4.5.sents56,0,0,0,0,0,0,n
14,s58,0,0,0,0,0,0,0,0,0,0,aidoo.changes.4.5.sent,aidoo.changes.4.5.sents58,1,0,0,1,0,0,n
14,s62,0,0,1,0,0,0,0,0,0,1,aidoo.changes.4.5.sent,aidoo.changes.4.5.sents62,0,0,0,0,0,0,n
14,s63,0,1,0,1,0,0,0,0,0,1,aidoo.changes.4.5.sent,aidoo.changes.4.5.sents63,0,0,0,0,0,0,n
14,s64,0,0,0,0,0,0,0,0,2,0,aidoo.changes.4.5.sent,aidoo.changes.4.5.sents64,4,0,0,4,0,0,p
15,s0,0,0,0,0,0,0,0,0,0,0,albee.dream.1.3.sent,albee.dream.1.3.sents0,0,0,1,0,0,1,p
15,s14,0,0,0,0,0,0,0,0,0,0,albee.dream.1.3.sent,albee.dream.1.3.sents14,1,0,1,1,0,1,p
15,s15,0,0,0,0,0,0,0,0,0,0,albee.dream.1.3.sent,albee.dream.1.3.sents15,0,0,0,0,0,0,p
15,s21,0,0,0,0,0,0,0,0,0,0,albee.dream.1.3.sent,albee.dream.1.3.sents21,0,0,0,0,0,0,p
15,s22,0,0,0,0,0,0,0,0,0,0,albee.dream.1.3.sent,albee.dream.1.3.sents22,0,0,0,0,0,0,p
15,s27,0,0,0,0,0,0,0,0,0,0,albee.dream.1.3.sent,albee.dream.1.3.sents27,1,0,1,0,0,0,p
15,s30,0,0,0,0,0,0,0,0,0,0,albee.dream.1.3.sent,albee.dream.1.3.sents30,0,0,1,0,0,0,p
15,s35,0,0,0,0,0,0,0,0,0,1,albee.dream.1.3.sent,albee.dream.1.3.sents35,0,0,1,0,0,1,p
15,s39,0,0,0,0,0,0,0,0,1,0,albee.dream.1.3.sent,albee.dream.1.3.sents39,0,0,1,0,0,0,p
15,s68,0,0,0,1,0,0,0,0,0,0,albee.dream.1.3.sent,albee.dream.1.3.sents68,0,0,1,0,0,0,p
15,s75,0,0,0,0,0,0,0,0,0,0,albee.dream.1.3.sent,albee.dream.1.3.sents75,0,0,1,0,0,0,p
16,s31,0,0,0,0,0,0,0,0,0,0,albee.dream.2.4.sent,albee.dream.2.4.sents31,1,0,0,1,0,0,p
16,s34,0,0,0,0,0,0,0,0,0,0,albee.dream.2.4.sent,albee.dream.2.4.sents34,0,0,0,0,0,0,p
16,s37,0,0,0,0,0,0,0,0,0,0,albee.dream.2.4.sent,albee.dream.2.4.sents37,0,0,0,0,0,0,p
16,s38,0,0,0,0,0,0,0,0,0,0,albee.dream.2.4.sent,albee.dream.2.4.sents38,1,0,0,1,0,0,p
16,s50,0,0,0,0,0,0,0,0,0,0,albee.dream.2.4.sent,albee.dream.2.4.sents50,0,0,0,0,0,0,p
16,s69,0,0,0,0,0,0,0,0,0,0,albee.dream.2.4.sent,albee.dream.2.4.sents69,0,0,0,0,0,0,p
16,s71,0,0,0,0,0,0,0,0,0,0,albee.dream.2.4.sent,albee.dream.2.4.sents71,0,0,0,0,0,0,p
16,s77,0,0,0,0,0,0,0,0,0,0,albee.dream.2.4.sent,albee.dream.2.4.sents77,0,0,0,0,0,0,p
17,s10,0,0,0,0,0,0,0,0,0,0,albee.dream.3.4.sent,albee.dream.3.4.sents10,0,0,0,0,0,0,p
17,s11,0,0,0,0,0,0,0,0,0,1,albee.dream.3.4.sent,albee.dream.3.4.sents11,0,0,0,0,0,0,p
17,s13,0,0,0,0,0,0,0,0,0,0,albee.dream.3.4.sent,albee.dream.3.4.sents13,0,0,0,0,0,0,p
17,s17,0,0,0,0,0,0,0,0,0,0,albee.dream.3.4.sent,albee.dream.3.4.sents17,1,0,0,1,0,0,n
17,s32,0,0,0,1,0,0,0,0,0,1,albee.dream.3.4.sent,albee.dream.3.4.sents32,1,0,0,1,0,0,n
17,s39,0,0,0,0,0,0,0,0,2,0,albee.dream.3.4.sent,albee.dream.3.4.sents39,0,0,1,0,0,0,n
17,s76,0,0,0,0,0,0,0,1,0,0,albee.dream.3.4.sent,albee.dream.3.4.sents76,0,0,0,0,0,0,n
17,s79,0,0,0,0,1,0,0,0,0,0,albee.dream.3.4.sent,albee.dream.3.4.sents79,1,0,1,1,0,1,n
18,s10,0,0,0,0,0,0,0,0,0,0,alcott.little.3.5.sent,alcott.little.3.5.sents10,1,0,0,0,0,0,p
18,s14,0,0,0,0,0,0,0,0,0,0,alcott.little.3.5.sent,alcott.little.3.5.sents14,0,0,1,0,0,0,p
18,s16,0,0,1,0,0,0,0,0,1,0,alcott.little.3.5.sent,alcott.little.3.5.sents16,1,0,1,1,0,1,p
18,s27,0,0,0,1,0,0,0,0,0,1,alcott.little.3.5.sent,alcott.little.3.5.sents27,0,0,0,0,0,0,p
18,s38,0,0,0,0,0,0,0,0,1,0,alcott.little.3.5.sent,alcott.little.3.5.sents38,1,0,0,0,0,0,p
18,s47,0,0,0,0,0,0,1,0,1,0,alcott.little.3.5.sent,alcott.little.3.5.sents47,1,0,0,0,0,0,p
18,s48,0,0,0,0,0,0,1,0,0,0,alcott.little.3.5.sent,alcott.little.3.5.sents48,0,0,0,0,0,0,p
18,s51,0,0,0,0,0,0,0,0,0,0,alcott.little.3.5.sent,alcott.little.3.5.sents51,0,0,0,0,0,0,n
19,s4,0,0,0,0,0,0,0,0,1,1,alighieri.inferno.0.3.sent,alighieri.inferno.0.3.sents4,0,0,0,0,0,0,p
19,s5,0,0,0,0,0,0,2,0,2,1,alighieri.inferno.0.3.sent,alighieri.inferno.0.3.sents5,0,0,0,0,0,0,p
19,s6,0,0,0,0,0,0,0,1,0,1,alighieri.inferno.0.3.sent,alighieri.inferno.0.3.sents6,0,0,0,0,0,0,p
19,s7,0,0,0,0,0,0,0,0,0,0,alighieri.inferno.0.3.sent,alighieri.inferno.0.3.sents7,1,0,0,1,0,0,p
19,s20,0,0,0,0,0,0,0,0,0,0,alighieri.inferno.0.3.sent,alighieri.inferno.0.3.sents20,0,0,0,0,0,0,p
19,s21,0,0,0,1,0,0,0,0,1,0,alighieri.inferno.0.3.sent,alighieri.inferno.0.3.sents21,2,2,0,2,2,0,p
19,s24,0,0,0,0,0,0,0,0,0,0,alighieri.inferno.0.3.sent,alighieri.inferno.0.3.sents24,1,0,0,1,0,0,p
19,s30,0,0,0,0,0,0,0,0,0,0,alighieri.inferno.0.3.sent,alighieri.inferno.0.3.sents30,0,0,0,0,0,0,p
19,s41,0,0,0,0,0,0,0,0,0,0,alighieri.inferno.0.3.sent,alighieri.inferno.0.3.sents41,0,0,0,0,0,0,p
19,s42,0,0,0,0,0,0,0,0,0,0,alighieri.inferno.0.3.sent,alighieri.inferno.0.3.sents42,1,0,0,1,0,0,p
19,s46,0,0,0,0,0,0,0,0,0,0,alighieri.inferno.0.3.sent,alighieri.inferno.0.3.sents46,0,0,0,0,0,0,p
19,s52,0,0,0,0,0,0,0,0,0,0,alighieri.inferno.0.3.sent,alighieri.inferno.0.3.sents52,0,1,0,0,0,0,p
20,s3,0,0,1,0,0,0,0,0,3,0,allende.house.1.2.sent,allende.house.1.2.sents3,0,0,1,0,0,0,p
20,s6,0,0,0,1,0,0,0,0,0,2,allende.house.1.2.sent,allende.house.1.2.sents6,0,1,1,0,1,1,p
20,s14,0,0,0,0,0,0,0,0,0,0,allende.house.1.2.sent,allende.house.1.2.sents14,1,0,0,1,0,0,p
20,s17,0,0,0,0,0,0,0,0,0,0,allende.house.1.2.sent,allende.house.1.2.sents17,1,0,0,0,0,0,p
20,s27,0,0,0,0,0,0,0,0,0,0,allende.house.1.2.sent,allende.house.1.2.sents27,1,1,0,0,1,0,p
20,s28,0,0,0,0,0,0,0,0,0,0,allende.house.1.2.sent,allende.house.1.2.sents28,0,0,0,0,0,0,n
20,s36,0,0,0,0,0,0,0,0,0,0,allende.house.1.2.sent,allende.house.1.2.sents36,0,0,0,0,0,0,n
20,s37,0,0,0,0,0,0,0,0,0,0,allende.house.1.2.sent,allende.house.1.2.sents37,0,0,0,0,0,0,n
20,s42,0,0,0,0,0,0,0,0,0,0,allende.house.1.2.sent,allende.house.1.2.sents42,0,0,0,0,0,0,p
20,s50,0,0,0,0,0,0,0,0,1,0,allende.house.1.2.sent,allende.house.1.2.sents50,2,0,1,2,0,1,p
20,s51,0,0,0,0,0,0,0,0,0,0,allende.house.1.2.sent,allende.house.1.2.sents51,2,0,1,0,0,1,p
21,s16,0,0,0,0,0,0,0,0,0,0,allende.house.2.4.sent,allende.house.2.4.sents16,0,0,1,0,0,1,p
21,s27,0,0,0,0,0,0,0,0,2,0,allende.house.2.4.sent,allende.house.2.4.sents27,1,1,0,0,0,0,n
21,s28,0,0,0,0,0,0,0,0,0,0,allende.house.2.4.sent,allende.house.2.4.sents28,0,0,0,0,0,0,n
21,s29,0,0,0,0,0,0,0,0,0,0,allende.house.2.4.sent,allende.house.2.4.sents29,0,0,0,0,0,0,n
21,s30,0,0,0,0,0,0,0,0,0,0,allende.house.2.4.sent,allende.house.2.4.sents30,0,0,0,0,0,0,n
22,s1,0,0,0,0,0,0,0,0,0,0,allende.house.2.5.sent,allende.house.2.5.sents1,1,0,2,1,0,2,p
22,s51,0,0,0,0,0,0,0,0,0,1,allende.house.2.5.sent,allende.house.2.5.sents51,2,0,1,1,0,0,p
22,s69,0,0,0,0,0,0,0,1,0,1,allende.house.2.5.sent,allende.house.2.5.sents69,0,0,0,0,0,0,p
22,s70,0,0,0,0,0,0,0,0,0,0,allende.house.2.5.sent,allende.house.2.5.sents70,0,0,1,0,0,1,p
22,s72,0,0,0,0,0,0,0,0,0,0,allende.house.2.5.sent,allende.house.2.5.sents72,0,0,0,0,0,0,p
22,s73,0,0,0,0,0,0,1,0,1,0,allende.house.2.5.sent,allende.house.2.5.sents73,1,0,0,0,0,0,p
22,s74,0,0,0,0,0,0,0,0,0,0,allende.house.2.5.sent,allende.house.2.5.sents74,0,0,1,0,0,1,p
23,s31,0,0,0,0,0,0,0,0,2,0,allende.house.2.8.sent,allende.house.2.8.sents31,1,0,0,1,0,0,n
23,s32,0,0,0,0,0,0,0,0,0,0,allende.house.2.8.sent,allende.house.2.8.sents32,0,0,0,0,0,0,n
23,s35,0,0,0,0,0,0,0,2,0,2,allende.house.2.8.sent,allende.house.2.8.sents35,0,1,0,0,1,0,n
23,s44,0,0,0,1,0,0,0,0,0,1,allende.house.2.8.sent,allende.house.2.8.sents44,1,1,0,0,1,0,n
23,s51,0,0,0,0,0,0,0,0,0,1,allende.house.2.8.sent,allende.house.2.8.sents51,2,0,1,2,0,0,n
23,s60,0,0,0,0,0,0,0,0,0,0,allende.house.2.8.sent,allende.house.2.8.sents60,0,0,0,0,0,0,p
23,s66,0,0,0,0,0,0,2,0,1,1,allende.house.2.8.sent,allende.house.2.8.sents66,0,0,0,0,0,0,p
23,s68,0,0,0,0,0,0,0,0,0,0,allende.house.2.8.sent,allende.house.2.8.sents68,0,0,1,0,0,1,p
24,s17,0,0,0,0,0,0,0,0,0,0,allende.house.2.10.sent,allende.house.2.10.sents17,1,0,0,0,0,0,p
24,s31,0,0,0,0,0,0,0,0,2,0,allende.house.2.10.sent,allende.house.2.10.sents31,1,0,0,1,0,0,n
24,s35,0,0,0,0,0,0,0,1,0,0,allende.house.2.10.sent,allende.house.2.10.sents35,0,1,0,0,0,0,n
24,s44,0,0,0,1,0,0,0,0,0,1,allende.house.2.10.sent,allende.house.2.10.sents44,1,1,0,0,1,0,n
24,s60,0,0,0,0,0,0,0,0,0,0,allende.house.2.10.sent,allende.house.2.10.sents60,0,0,0,0,0,0,p
24,s66,0,0,0,0,0,0,2,0,1,1,allende.house.2.10.sent,allende.house.2.10.sents66,0,0,0,0,0,0,p
25,s32,0,0,0,0,0,0,0,0,0,0,anaya.bless.0.3.sent,anaya.bless.0.3.sents32,0,1,2,0,0,0,n
25,s34,0,0,0,0,0,0,0,1,0,0,anaya.bless.0.3.sent,anaya.bless.0.3.sents34,0,1,0,0,1,0,n
25,s41,0,0,0,0,0,0,0,0,0,1,anaya.bless.0.3.sent,anaya.bless.0.3.sents41,0,1,0,0,1,0,n
25,s46,0,0,0,0,0,0,0,0,0,1,anaya.bless.0.3.sent,anaya.bless.0.3.sents46,0,0,1,0,0,1,n
25,s47,0,0,0,0,0,0,0,0,1,0,anaya.bless.0.3.sent,anaya.bless.0.3.sents47,0,1,0,0,1,0,n
26,s0,0,0,0,0,0,0,0,0,0,0,anaya.bless.0.8.sent,anaya.bless.0.8.sents0,0,0,1,0,0,1,p
26,s2,0,0,0,0,0,0,0,0,0,0,anaya.bless.0.8.sent,anaya.bless.0.8.sents2,0,0,2,0,0,1,p
26,s8,0,0,0,0,0,0,0,0,1,0,anaya.bless.0.8.sent,anaya.bless.0.8.sents8,0,0,0,0,0,0,p
26,s12,0,0,0,0,0,0,0,0,0,0,anaya.bless.0.8.sent,anaya.bless.0.8.sents12,2,0,0,2,0,0,p
26,s14,0,0,0,0,0,0,0,0,0,0,anaya.bless.0.8.sent,anaya.bless.0.8.sents14,1,0,0,0,0,0,p
26,s24,0,0,0,0,0,0,0,0,0,0,anaya.bless.0.8.sent,anaya.bless.0.8.sents24,0,0,0,0,0,0,p
26,s25,0,0,0,0,0,0,0,0,0,1,anaya.bless.0.8.sent,anaya.bless.0.8.sents25,0,0,0,0,0,0,p
26,s40,0,0,0,0,0,0,0,0,0,0,anaya.bless.0.8.sent,anaya.bless.0.8.sents40,0,0,0,0,0,0,p
26,s44,0,0,0,0,0,0,0,0,0,0,anaya.bless.0.8.sent,anaya.bless.0.8.sents44,0,0,1,0,0,1,p
26,s47,0,0,0,0,0,0,0,0,1,0,anaya.bless.0.8.sent,anaya.bless.0.8.sents47,0,1,0,0,1,0,p
26,s48,0,0,0,1,0,0,0,0,1,2,anaya.bless.0.8.sent,anaya.bless.0.8.sents48,0,0,0,0,0,0,p
27,s1,0,0,0,0,0,0,0,0,0,0,angelou.iknow.0.4.sent,angelou.iknow.0.4.sents1,1,0,4,1,0,4,p
27,s3,0,0,0,1,0,0,0,0,0,0,angelou.iknow.0.4.sent,angelou.iknow.0.4.sents3,0,2,2,0,2,2,p
27,s7,0,0,0,0,0,0,0,0,0,0,angelou.iknow.0.4.sent,angelou.iknow.0.4.sents7,0,0,0,0,0,0,p
27,s10,0,0,0,0,0,0,0,0,0,0,angelou.iknow.0.4.sent,angelou.iknow.0.4.sents10,0,0,2,0,0,1,p
27,s16,0,0,0,1,0,0,0,0,0,1,angelou.iknow.0.4.sent,angelou.iknow.0.4.sents16,0,0,0,0,0,0,p
27,s18,0,0,0,0,0,0,0,0,1,1,angelou.iknow.0.4.sent,angelou.iknow.0.4.sents18,0,1,0,0,1,0,p
28,s2,0,0,0,0,0,0,0,0,0,0,angelou.iknow.2.4.sent,angelou.iknow.2.4.sents2,0,0,0,0,0,0,p
28,s9,0,0,0,0,0,0,0,0,0,0,angelou.iknow.2.4.sent,angelou.iknow.2.4.sents9,0,0,0,0,0,0,p
28,s18,0,0,0,0,0,0,0,0,0,0,angelou.iknow.2.4.sent,angelou.iknow.2.4.sents18,0,1,0,0,0,0,p
28,s19,0,0,0,0,0,0,2,0,0,0,angelou.iknow.2.4.sent,angelou.iknow.2.4.sents19,0,0,0,0,0,0,p
28,s28,0,0,0,0,0,0,0,1,0,1,angelou.iknow.2.4.sent,angelou.iknow.2.4.sents28,0,1,0,0,1,0,p
29,s2,0,0,0,0,0,0,0,0,0,0,anouilh.antigone.0.1.sent,anouilh.antigone.0.1.sents2,1,0,1,0,0,0,p
29,s3,0,0,0,0,0,0,0,0,0,0,anouilh.antigone.0.1.sent,anouilh.antigone.0.1.sents3,0,0,0,0,0,0,p
29,s9,0,0,0,0,0,0,0,0,0,0,anouilh.antigone.0.1.sent,anouilh.antigone.0.1.sents9,0,0,2,0,0,2,p
29,s18,0,0,0,0,0,0,0,0,0,0,anouilh.antigone.0.1.sent,anouilh.antigone.0.1.sents18,0,0,0,0,0,0,p
29,s20,0,0,0,0,0,0,0,0,0,0,anouilh.antigone.0.1.sent,anouilh.antigone.0.1.sents20,0,0,0,0,0,0,p
29,s21,0,0,0,0,0,0,0,0,0,0,anouilh.antigone.0.1.sent,anouilh.antigone.0.1.sents21,0,0,0,0,0,0,n
29,s25,0,0,0,0,0,0,0,0,0,1,anouilh.antigone.0.1.sent,anouilh.antigone.0.1.sents25,0,0,0,0,0,0,n
29,s68,0,0,0,0,2,0,0,0,0,0,anouilh.antigone.0.1.sent,anouilh.antigone.0.1.sents68,0,0,0,0,0,0,p
29,s70,0,0,1,0,0,0,0,0,1,0,anouilh.antigone.0.1.sent,anouilh.antigone.0.1.sents70,1,0,0,1,0,0,p
30,s20,0,0,0,0,0,0,0,0,0,0,anouilh.antigone.0.2.sent,anouilh.antigone.0.2.sents20,0,0,0,0,0,0,p
30,s36,0,0,0,0,0,0,0,0,0,0,anouilh.antigone.0.2.sent,anouilh.antigone.0.2.sents36,0,0,0,0,0,0,p
30,s38,0,0,0,0,0,1,0,0,1,2,anouilh.antigone.0.2.sent,anouilh.antigone.0.2.sents38,0,0,0,0,0,0,p
30,s40,0,0,0,0,0,0,0,0,0,0,anouilh.antigone.0.2.sent,anouilh.antigone.0.2.sents40,0,0,1,0,0,1,n
30,s44,0,0,1,0,0,0,0,0,1,0,anouilh.antigone.0.2.sent,anouilh.antigone.0.2.sents44,0,0,0,0,0,0,n
30,s45,0,0,0,0,0,0,0,0,0,0,anouilh.antigone.0.2.sent,anouilh.antigone.0.2.sents45,0,1,0,0,1,0,n
30,s46,0,0,0,0,0,0,0,1,0,0,anouilh.antigone.0.2.sent,anouilh.antigone.0.2.sents46,0,1,0,0,1,0,n
30,s47,0,0,0,0,0,0,0,0,0,0,anouilh.antigone.0.2.sent,anouilh.antigone.0.2.sents47,1,0,0,1,0,0,n
30,s49,0,0,0,0,0,0,0,0,0,1,anouilh.antigone.0.2.sent,anouilh.antigone.0.2.sents49,0,0,0,0,0,0,n
30,s51,0,0,1,0,0,0,0,0,1,0,anouilh.antigone.0.2.sent,anouilh.antigone.0.2.sents51,0,0,0,0,0,0,n
30,s52,0,0,0,0,0,0,0,1,0,1,anouilh.antigone.0.2.sent,anouilh.antigone.0.2.sents52,0,0,0,0,0,0,n
30,s54,0,0,0,0,0,0,0,0,0,0,anouilh.antigone.0.2.sent,anouilh.antigone.0.2.sents54,0,0,0,0,0,0,n
30,s64,0,0,0,0,0,0,0,0,0,0,anouilh.antigone.0.2.sent,anouilh.antigone.0.2.sents64,1,0,0,0,0,0,n
30,s66,0,0,1,0,0,0,0,0,1,0,anouilh.antigone.0.2.sent,anouilh.antigone.0.2.sents66,0,0,0,0,0,0,n
30,s71,0,0,0,1,0,1,0,0,0,2,anouilh.antigone.0.2.sent,anouilh.antigone.0.2.sents71,0,0,0,0,0,0,n
31,s2,0,0,0,0,0,0,0,0,0,0,anouilh.antigone.0.3.sent,anouilh.antigone.0.3.sents2,1,0,1,0,0,0,p
31,s3,0,0,0,0,0,0,0,0,0,0,anouilh.antigone.0.3.sent,anouilh.antigone.0.3.sents3,0,0,0,0,0,0,p
31,s22,0,0,0,0,0,0,0,0,0,0,anouilh.antigone.0.3.sent,anouilh.antigone.0.3.sents22,0,0,0,0,0,0,p
31,s64,0,0,0,0,0,0,0,0,0,0,anouilh.antigone.0.3.sent,anouilh.antigone.0.3.sents64,1,0,0,0,0,0,p
31,s89,0,0,0,0,0,0,0,0,0,0,anouilh.antigone.0.3.sent,anouilh.antigone.0.3.sents89,0,0,0,0,0,0,p
31,s92,0,1,0,1,0,0,0,0,0,1,anouilh.antigone.0.3.sent,anouilh.antigone.0.3.sents92,0,1,0,0,1,0,p
31,s93,0,0,0,0,0,1,0,0,0,1,anouilh.antigone.0.3.sent,anouilh.antigone.0.3.sents93,0,0,0,0,0,0,p
32,s18,0,0,0,0,0,0,0,0,0,0,any.ask.1.5.sent,any.ask.1.5.sents18,1,0,0,1,0,0,p
32,s20,0,0,0,0,0,0,0,0,0,0,any.ask.1.5.sent,any.ask.1.5.sents20,0,1,1,0,1,1,p
32,s21,0,0,0,0,0,0,0,0,0,0,any.ask.1.5.sent,any.ask.1.5.sents21,1,0,0,1,0,0,p
32,s23,0,0,0,0,0,0,0,0,1,0,any.ask.1.5.sent,any.ask.1.5.sents23,1,0,0,0,0,0,p
32,s24,0,0,0,0,0,0,0,0,0,0,any.ask.1.5.sent,any.ask.1.5.sents24,1,0,0,1,0,0,p
32,s25,0,0,0,0,0,0,0,0,0,0,any.ask.1.5.sent,any.ask.1.5.sents25,0,0,0,0,0,0,p
32,s26,0,0,0,0,0,0,0,0,1,0,any.ask.1.5.sent,any.ask.1.5.sents26,1,0,0,0,0,0,p
32,s28,0,0,1,0,0,0,0,0,2,0,any.ask.1.5.sent,any.ask.1.5.sents28,0,0,0,0,0,0,p
32,s37,0,0,0,0,0,0,0,0,0,0,any.ask.1.5.sent,any.ask.1.5.sents37,0,0,0,0,0,0,p
32,s38,0,0,0,0,0,0,0,0,0,0,any.ask.1.5.sent,any.ask.1.5.sents38,0,1,0,0,1,0,p
33,s58,0,0,0,0,0,0,0,0,0,0,any.ask.5.8.sent,any.ask.5.8.sents58,0,0,2,0,0,2,p
33,s59,0,0,0,0,0,0,0,0,0,0,any.ask.5.8.sent,any.ask.5.8.sents59,0,0,1,0,0,1,p
33,s60,0,0,0,0,0,0,0,0,0,0,any.ask.5.8.sent,any.ask.5.8.sents60,1,0,0,1,0,0,p
33,s63,0,0,0,0,0,0,0,0,0,0,any.ask.5.8.sent,any.ask.5.8.sents63,1,0,0,1,0,0,p
33,s64,0,0,0,0,0,0,0,0,0,0,any.ask.5.8.sent,any.ask.5.8.sents64,0,0,0,0,0,0,p
33,s75,0,0,0,0,0,0,0,0,1,0,any.ask.5.8.sent,any.ask.5.8.sents75,0,0,1,0,0,1,p
33,s80,0,0,0,0,0,0,0,0,1,0,any.ask.5.8.sent,any.ask.5.8.sents80,2,0,0,2,0,0,p
33,s81,0,0,0,0,0,0,0,0,1,0,any.ask.5.8.sent,any.ask.5.8.sents81,2,1,0,2,1,0,p
34,s19,0,0,0,0,0,0,0,0,0,0,aristophanes.clouds.0.1.sent,aristophanes.clouds.0.1.sents19,0,0,0,0,0,0,p
34,s20,0,0,0,1,0,0,0,0,0,1,aristophanes.clouds.0.1.sent,aristophanes.clouds.0.1.sents20,0,1,0,0,1,0,p
34,s26,0,0,1,0,0,0,0,0,1,0,aristophanes.clouds.0.1.sent,aristophanes.clouds.0.1.sents26,1,1,0,1,1,0,p
34,s36,0,0,0,0,0,0,0,0,0,0,aristophanes.clouds.0.1.sent,aristophanes.clouds.0.1.sents36,0,0,0,0,0,0,p
34,s37,0,0,0,1,0,0,0,0,0,1,aristophanes.clouds.0.1.sent,aristophanes.clouds.0.1.sents37,2,0,0,2,0,0,p
35,s0,0,0,0,0,0,0,0,0,0,0,aristophanes.clouds.0.2.sent,aristophanes.clouds.0.2.sents0,0,1,1,0,1,1,n
35,s3,0,0,0,0,0,0,0,0,0,0,aristophanes.clouds.0.2.sent,aristophanes.clouds.0.2.sents3,0,0,0,0,0,0,n
35,s4,0,0,0,0,0,0,0,0,0,1,aristophanes.clouds.0.2.sent,aristophanes.clouds.0.2.sents4,0,0,0,0,0,0,n
35,s19,0,0,0,0,0,0,0,0,0,0,aristophanes.clouds.0.2.sent,aristophanes.clouds.0.2.sents19,0,0,0,0,0,0,n
35,s24,0,0,0,0,0,0,0,0,0,0,aristophanes.clouds.0.2.sent,aristophanes.clouds.0.2.sents24,1,1,0,1,1,0,n
35,s25,0,0,0,0,0,0,0,0,0,0,aristophanes.clouds.0.2.sent,aristophanes.clouds.0.2.sents25,1,0,0,1,0,0,p
35,s34,0,0,0,0,0,1,0,0,0,1,aristophanes.clouds.0.2.sent,aristophanes.clouds.0.2.sents34,0,1,0,0,1,0,p
35,s37,0,0,0,1,0,0,0,0,0,1,aristophanes.clouds.0.2.sent,aristophanes.clouds.0.2.sents37,2,0,0,1,0,0,p
36,s5,0,0,0,0,0,0,0,0,0,0,aristophanes.clouds.1.2.sent,aristophanes.clouds.1.2.sents5,1,0,0,1,0,0,p
36,s7,0,0,0,0,0,0,0,0,0,0,aristophanes.clouds.1.2.sent,aristophanes.clouds.1.2.sents7,0,0,0,0,0,0,p
36,s9,0,0,0,0,0,0,0,0,0,0,aristophanes.clouds.1.2.sent,aristophanes.clouds.1.2.sents9,0,0,0,0,0,0,p
36,s10,0,0,0,0,0,0,0,0,1,0,aristophanes.clouds.1.2.sent,aristophanes.clouds.1.2.sents10,0,0,0,0,0,0,p
36,s11,0,0,0,0,0,0,0,0,0,0,aristophanes.clouds.1.2.sent,aristophanes.clouds.1.2.sents11,0,0,0,0,0,0,p
36,s14,0,0,0,0,0,0,0,0,0,0,aristophanes.clouds.1.2.sent,aristophanes.clouds.1.2.sents14,0,0,0,0,0,0,p
36,s15,0,0,0,0,0,0,0,0,0,0,aristophanes.clouds.1.2.sent,aristophanes.clouds.1.2.sents15,0,0,0,0,0,0,p
36,s16,0,0,1,0,1,0,0,0,1,0,aristophanes.clouds.1.2.sent,aristophanes.clouds.1.2.sents16,0,0,0,0,0,0,p
36,s18,0,0,0,0,0,0,0,0,0,0,aristophanes.clouds.1.2.sent,aristophanes.clouds.1.2.sents18,0,0,1,0,0,1,p
36,s19,0,0,0,0,0,0,0,0,0,0,aristophanes.clouds.1.2.sent,aristophanes.clouds.1.2.sents19,0,0,0,0,0,0,p
36,s27,0,0,0,0,0,0,0,0,0,0,aristophanes.clouds.1.2.sent,aristophanes.clouds.1.2.sents27,0,0,1,0,0,1,p
36,s29,0,0,0,0,0,1,0,0,0,0,aristophanes.clouds.1.2.sent,aristophanes.clouds.1.2.sents29,0,0,0,0,0,0,p
36,s30,0,0,0,0,0,0,0,0,0,0,aristophanes.clouds.1.2.sent,aristophanes.clouds.1.2.sents30,0,0,0,0,0,0,p
36,s31,0,0,0,0,0,1,0,0,0,0,aristophanes.clouds.1.2.sent,aristophanes.clouds.1.2.sents31,0,0,0,0,0,0,p
36,s33,0,0,0,0,0,0,0,0,0,1,aristophanes.clouds.1.2.sent,aristophanes.clouds.1.2.sents33,0,0,0,0,0,0,p
36,s37,0,0,0,1,0,0,0,0,0,1,aristophanes.clouds.1.2.sent,aristophanes.clouds.1.2.sents37,2,0,0,1,0,0,p
36,s38,0,0,0,1,0,1,0,0,0,3,aristophanes.clouds.1.2.sent,aristophanes.clouds.1.2.sents38,0,0,0,0,0,0,p
36,s39,0,0,0,0,0,0,0,0,0,0,aristophanes.clouds.1.2.sent,aristophanes.clouds.1.2.sents39,0,0,0,0,0,0,n
37,s12,0,0,0,0,0,0,0,0,0,0,austen.emma.0.3.sent,austen.emma.0.3.sents12,0,0,2,0,0,2,p
37,s21,0,0,0,0,0,0,0,0,0,0,austen.emma.0.3.sent,austen.emma.0.3.sents21,1,0,0,0,0,0,p
37,s24,0,0,0,0,0,0,0,1,0,0,austen.emma.0.3.sent,austen.emma.0.3.sents24,2,0,0,1,0,0,p
37,s25,0,0,0,0,0,1,0,1,0,1,austen.emma.0.3.sent,austen.emma.0.3.sents25,0,0,0,0,0,0,p
37,s26,1,1,2,1,0,0,0,0,1,0,austen.emma.0.3.sent,austen.emma.0.3.sents26,2,1,1,0,0,0,p
37,s29,0,0,0,0,0,1,0,0,0,1,austen.emma.0.3.sent,austen.emma.0.3.sents29,0,0,0,0,0,0,p
37,s31,0,0,0,1,0,0,0,0,0,0,austen.emma.0.3.sent,austen.emma.0.3.sents31,1,0,0,1,0,0,p
38,s6,0,0,0,0,0,0,0,0,0,0,austen.emma.3.4.sent,austen.emma.3.4.sents6,1,0,1,1,0,1,p
38,s8,0,0,0,0,0,0,0,0,0,0,austen.emma.3.4.sent,austen.emma.3.4.sents8,1,1,0,0,0,0,n
38,s19,0,1,0,0,0,0,0,0,1,0,austen.emma.3.4.sent,austen.emma.3.4.sents19,1,0,0,0,0,0,n
38,s20,0,0,0,0,0,0,0,1,2,0,austen.emma.3.4.sent,austen.emma.3.4.sents20,0,0,0,0,0,0,n
38,s22,0,0,0,0,0,0,0,0,0,0,austen.emma.3.4.sent,austen.emma.3.4.sents22,2,0,0,0,0,0,p
38,s25,0,0,0,0,0,1,0,0,0,2,austen.emma.3.4.sent,austen.emma.3.4.sents25,0,0,0,0,0,0,p
38,s26,0,0,1,1,1,0,0,0,2,0,austen.emma.3.4.sent,austen.emma.3.4.sents26,2,1,1,0,0,0,n
38,s27,0,0,0,1,0,0,0,0,0,0,austen.emma.3.4.sent,austen.emma.3.4.sents27,0,0,0,0,0,0,n
38,s31,0,0,0,1,0,0,0,0,0,0,austen.emma.3.4.sent,austen.emma.3.4.sents31,1,0,0,1,0,0,n
38,s33,0,0,0,0,0,0,0,0,1,0,austen.emma.3.4.sent,austen.emma.3.4.sents33,2,1,0,1,1,0,p
38,s34,0,0,0,0,0,0,1,0,3,0,austen.emma.3.4.sent,austen.emma.3.4.sents34,2,0,0,2,0,0,p
38,s36,0,0,0,0,0,0,0,0,0,0,austen.emma.3.4.sent,austen.emma.3.4.sents36,2,0,0,1,0,0,p
39,s2,0,0,0,0,0,0,1,0,1,0,austen.emma.3.5.sent,austen.emma.3.5.sents2,2,0,0,1,0,0,p
39,s3,0,0,0,0,0,0,0,1,0,0,austen.emma.3.5.sent,austen.emma.3.5.sents3,1,1,0,1,0,0,p
39,s4,0,0,1,0,0,0,0,0,1,0,austen.emma.3.5.sent,austen.emma.3.5.sents4,0,0,0,0,0,0,p
39,s5,0,0,0,0,0,0,0,0,0,1,austen.emma.3.5.sent,austen.emma.3.5.sents5,1,0,0,1,0,0,p
39,s9,0,0,0,1,0,0,0,0,0,0,austen.emma.3.5.sent,austen.emma.3.5.sents9,1,1,0,0,1,0,p
39,s10,0,0,0,0,0,0,1,0,1,0,austen.emma.3.5.sent,austen.emma.3.5.sents10,2,0,1,0,0,0,p
39,s21,0,0,0,0,0,0,0,0,0,0,austen.emma.3.5.sent,austen.emma.3.5.sents21,1,0,0,0,0,0,p
39,s22,0,0,0,0,0,0,0,0,1,0,austen.emma.3.5.sent,austen.emma.3.5.sents22,2,0,0,0,0,0,p
39,s24,0,0,0,0,0,1,0,0,0,0,austen.emma.3.5.sent,austen.emma.3.5.sents24,2,0,0,1,0,0,p
39,s31,0,0,0,1,0,0,0,1,0,2,austen.emma.3.5.sent,austen.emma.3.5.sents31,1,0,0,1,0,0,p
39,s33,0,0,0,0,0,0,0,0,0,1,austen.emma.3.5.sent,austen.emma.3.5.sents33,2,1,0,1,1,0,p
39,s34,0,0,0,0,0,0,1,0,1,0,austen.emma.3.5.sent,austen.emma.3.5.sents34,2,0,0,0,0,0,p
39,s35,0,0,1,0,1,0,0,0,1,0,austen.emma.3.5.sent,austen.emma.3.5.sents35,0,0,0,0,0,0,p
39,s36,0,0,0,0,0,0,0,0,0,0,austen.emma.3.5.sent,austen.emma.3.5.sents36,2,0,0,1,0,0,p
40,s17,0,0,0,1,0,0,0,0,2,1,austen.emma.3.8.sent,austen.emma.3.8.sents17,0,1,0,0,1,0,n
40,s19,0,1,0,0,0,0,0,0,1,0,austen.emma.3.8.sent,austen.emma.3.8.sents19,1,0,0,1,0,0,n
40,s25,0,0,0,0,0,1,0,1,0,1,austen.emma.3.8.sent,austen.emma.3.8.sents25,0,0,0,0,0,0,n
40,s26,0,0,2,1,0,0,0,0,1,2,austen.emma.3.8.sent,austen.emma.3.8.sents26,2,1,1,0,0,1,n
40,s29,0,0,0,0,0,0,0,0,1,0,austen.emma.3.8.sent,austen.emma.3.8.sents29,0,0,0,0,0,0,n
41,s7,0,0,0,0,0,0,0,0,1,0,austen.emma.4.5.sent,austen.emma.4.5.sents7,1,0,0,0,0,0,p
41,s22,0,1,0,0,0,0,0,0,1,0,austen.emma.4.5.sent,austen.emma.4.5.sents22,2,0,0,0,0,0,p
41,s31,0,0,0,1,0,0,0,1,0,1,austen.emma.4.5.sent,austen.emma.4.5.sents31,1,0,0,0,0,0,p
41,s32,0,0,1,0,0,0,0,0,1,0,austen.emma.4.5.sent,austen.emma.4.5.sents32,0,0,0,0,0,0,p
41,s33,0,0,0,0,0,0,0,0,1,1,austen.emma.4.5.sent,austen.emma.4.5.sents33,2,1,0,0,0,0,p
41,s34,0,0,1,0,0,0,0,0,2,0,austen.emma.4.5.sent,austen.emma.4.5.sents34,2,0,0,2,0,0,p
41,s36,0,0,0,0,0,0,0,0,0,0,austen.emma.4.5.sent,austen.emma.4.5.sents36,2,0,0,1,0,0,p
42,s35,0,0,0,0,1,0,0,0,2,0,beckett.endgame.0.1.sent,beckett.endgame.0.1.sents35,0,0,0,0,0,0,p
42,s38,0,0,0,0,0,0,0,0,0,0,beckett.endgame.0.1.sent,beckett.endgame.0.1.sents38,0,0,0,0,0,0,p
42,s39,0,0,0,0,0,0,0,0,1,0,beckett.endgame.0.1.sent,beckett.endgame.0.1.sents39,0,0,0,0,0,0,p
42,s80,0,0,0,0,0,0,0,0,0,1,beckett.endgame.0.1.sent,beckett.endgame.0.1.sents80,1,1,0,1,1,0,p
42,s85,0,0,0,0,0,0,0,0,0,0,beckett.endgame.0.1.sent,beckett.endgame.0.1.sents85,0,0,0,0,0,0,p
43,s31,0,0,1,0,0,0,0,0,0,0,chopin.awakening.2.6.sent,chopin.awakening.2.6.sents31,0,0,0,0,0,0,p
43,s32,0,0,0,0,0,0,0,0,0,0,chopin.awakening.2.6.sent,chopin.awakening.2.6.sents32,0,0,0,0,0,0,p
43,s34,0,0,0,0,0,0,0,0,0,0,chopin.awakening.2.6.sent,chopin.awakening.2.6.sents34,0,0,0,0,0,0,p
43,s35,0,0,0,0,0,0,1,0,0,1,chopin.awakening.2.6.sent,chopin.awakening.2.6.sents35,2,0,0,2,0,0,p
43,s51,0,0,0,0,0,0,0,0,1,0,chopin.awakening.2.6.sent,chopin.awakening.2.6.sents51,1,0,1,0,0,1,p
44,s0,0,0,1,0,0,0,0,0,0,0,churchill.cloud.4.10.sent,churchill.cloud.4.10.sents0,1,0,3,0,0,2,p
44,s3,0,0,1,0,0,0,0,0,0,0,churchill.cloud.4.10.sent,churchill.cloud.4.10.sents3,0,0,0,0,0,0,p
44,s4,0,0,0,0,0,0,0,0,0,1,churchill.cloud.4.10.sent,churchill.cloud.4.10.sents4,0,0,0,0,0,0,p
44,s22,0,0,0,1,0,0,0,0,0,0,churchill.cloud.4.10.sent,churchill.cloud.4.10.sents22,0,0,0,0,0,0,p
44,s23,0,0,1,0,0,0,0,0,1,0,churchill.cloud.4.10.sent,churchill.cloud.4.10.sents23,2,0,0,2,0,0,p
44,s30,0,0,1,0,0,0,0,0,1,1,churchill.cloud.4.10.sent,churchill.cloud.4.10.sents30,1,1,0,0,0,0,n
44,s37,0,0,0,0,0,0,0,0,0,0,churchill.cloud.4.10.sent,churchill.cloud.4.10.sents37,0,0,0,0,0,0,n
45,s2,0,0,0,0,0,0,0,0,0,0,cooper.last.4.7.sent,cooper.last.4.7.sents2,0,0,2,0,0,0,p
45,s8,0,0,1,0,0,0,0,0,0,0,cooper.last.4.7.sent,cooper.last.4.7.sents8,0,0,0,0,0,0,p
45,s10,0,0,1,0,0,0,0,0,0,0,cooper.last.4.7.sent,cooper.last.4.7.sents10,1,1,0,0,0,0,p
45,s14,0,0,0,0,0,0,0,0,0,0,cooper.last.4.7.sent,cooper.last.4.7.sents14,0,1,1,0,1,1,p
45,s18,0,0,0,1,0,0,0,0,0,0,cooper.last.4.7.sent,cooper.last.4.7.sents18,1,0,0,1,0,0,p
45,s20,0,0,0,0,0,0,0,0,0,0,cooper.last.4.7.sent,cooper.last.4.7.sents20,0,1,0,0,0,0,p
45,s22,0,0,0,0,0,0,0,0,0,0,cooper.last.4.7.sent,cooper.last.4.7.sents22,0,1,0,0,1,0,p
46,s27,0,0,0,0,0,0,0,0,0,0,dickens.bleak.11.17.sent,dickens.bleak.11.17.sents27,2,0,0,2,0,0,p
46,s43,0,0,0,0,0,0,0,0,0,0,dickens.bleak.11.17.sent,dickens.bleak.11.17.sents43,1,0,0,0,0,0,p
46,s46,0,0,0,0,0,0,0,1,0,1,dickens.bleak.11.17.sent,dickens.bleak.11.17.sents46,0,0,2,0,0,1,p
46,s63,0,0,0,1,0,0,0,0,0,0,dickens.bleak.11.17.sent,dickens.bleak.11.17.sents63,0,1,1,0,1,1,p
46,s73,0,0,0,0,0,0,0,0,0,0,dickens.bleak.11.17.sent,dickens.bleak.11.17.sents73,0,0,0,0,0,0,p
46,s101,0,0,0,0,0,0,0,0,1,0,dickens.bleak.11.17.sent,dickens.bleak.11.17.sents101,0,0,0,0,0,0,p
47,s13,0,0,0,0,0,0,0,0,0,0,dickens.david.10.15.sent,dickens.david.10.15.sents13,1,0,3,1,0,1,p
47,s14,0,0,0,0,0,0,0,0,0,0,dickens.david.10.15.sent,dickens.david.10.15.sents14,1,0,0,0,0,0,p
47,s15,0,0,0,0,0,0,0,0,0,0,dickens.david.10.15.sent,dickens.david.10.15.sents15,0,0,0,0,0,0,p
47,s23,0,0,0,0,0,0,0,0,0,0,dickens.david.10.15.sent,dickens.david.10.15.sents23,1,0,0,1,0,0,p
47,s34,0,0,0,0,0,0,0,1,0,0,dickens.david.10.15.sent,dickens.david.10.15.sents34,0,0,0,0,0,0,p
48,s27,0,0,0,0,0,0,0,0,2,0,lee.inherit.0.2.sent,lee.inherit.0.2.sents27,1,1,0,1,1,0,p
48,s32,0,0,1,1,0,0,1,0,4,1,lee.inherit.0.2.sent,lee.inherit.0.2.sents32,1,1,0,0,0,0,p
48,s47,0,0,0,0,0,0,0,0,0,0,lee.inherit.0.2.sent,lee.inherit.0.2.sents47,0,0,0,0,0,0,p
48,s66,0,0,0,0,0,0,0,0,0,0,lee.inherit.0.2.sent,lee.inherit.0.2.sents66,0,0,0,0,0,0,p
48,s80,0,0,0,1,0,0,0,0,0,0,lee.inherit.0.2.sent,lee.inherit.0.2.sents80,2,0,0,1,0,0,p
49,s8,0,0,0,0,0,0,0,0,0,0,twain.tomsawyer.2.3.sent,twain.tomsawyer.2.3.sents8,0,1,1,0,0,0,p
49,s10,0,0,0,0,0,0,0,0,0,0,twain.tomsawyer.2.3.sent,twain.tomsawyer.2.3.sents10,2,0,0,2,0,0,p
49,s13,0,0,0,0,0,0,0,0,0,0,twain.tomsawyer.2.3.sent,twain.tomsawyer.2.3.sents13,1,0,0,1,0,0,p
49,s17,0,0,0,0,0,0,0,0,0,0,twain.tomsawyer.2.3.sent,twain.tomsawyer.2.3.sents17,1,0,0,1,0,0,p
49,s22,0,0,0,0,0,0,0,0,0,0,twain.tomsawyer.2.3.sent,twain.tomsawyer.2.3.sents22,0,0,0,0,0,0,p
49,s26,0,0,0,0,0,0,0,0,0,0,twain.tomsawyer.2.3.sent,twain.tomsawyer.2.3.sents26,1,0,0,1,0,0,p
49,s28,0,0,0,0,0,0,0,0,0,0,twain.tomsawyer.2.3.sent,twain.tomsawyer.2.3.sents28,0,0,0,0,0,0,p
49,s41,0,0,0,0,0,0,0,0,0,0,twain.tomsawyer.2.3.sent,twain.tomsawyer.2.3.sents41,0,0,0,0,0,0,p
49,s42,0,0,2,0,0,0,1,0,2,0,twain.tomsawyer.2.3.sent,twain.tomsawyer.2.3.sents42,3,0,0,2,0,0,p
50,s6,0,0,0,0,0,0,0,0,0,0,twain.tomsawyer.2.4.sent,twain.tomsawyer.2.4.sents6,2,0,0,2,0,0,p
50,s7,0,0,0,1,0,0,0,0,0,0,twain.tomsawyer.2.4.sent,twain.tomsawyer.2.4.sents7,0,0,0,0,0,0,n
50,s8,0,0,0,0,0,0,0,0,0,0,twain.tomsawyer.2.4.sent,twain.tomsawyer.2.4.sents8,0,1,1,0,0,0,n
50,s19,0,0,1,0,0,0,0,0,2,1,twain.tomsawyer.2.4.sent,twain.tomsawyer.2.4.sents19,0,0,0,0,0,0,p
50,s30,0,0,0,0,0,0,0,0,0,0,twain.tomsawyer.2.4.sent,twain.tomsawyer.2.4.sents30,1,0,0,1,0,0,p
50,s34,0,0,0,1,0,0,0,0,0,0,twain.tomsawyer.2.4.sent,twain.tomsawyer.2.4.sents34,0,0,0,0,0,0,p
50,s36,0,0,0,0,0,0,0,0,0,0,twain.tomsawyer.2.4.sent,twain.tomsawyer.2.4.sents36,0,0,0,0,0,0,p
51,s2,0,0,0,0,0,0,0,0,0,0,bradbury.dandelion.0.3.sent,bradbury.dandelion.0.3.sents2,0,0,2,0,0,2,p
51,s12,0,0,0,0,0,0,0,0,0,0,bradbury.dandelion.0.3.sent,bradbury.dandelion.0.3.sents12,0,0,1,0,0,1,p
51,s18,0,0,0,0,0,0,0,0,0,0,bradbury.dandelion.0.3.sent,bradbury.dandelion.0.3.sents18,0,0,2,0,0,2,p
51,s19,0,0,0,0,0,0,0,0,0,0,bradbury.dandelion.0.3.sent,bradbury.dandelion.0.3.sents19,0,0,0,0,0,0,p
51,s30,0,0,0,0,0,0,0,0,0,0,bradbury.dandelion.0.3.sent,bradbury.dandelion.0.3.sents30,0,0,0,0,0,0,p
52,s10,0,0,0,0,0,1,0,0,0,1,bradbury.fahrenheit.0.2.sent,bradbury.fahrenheit.0.2.sents10,0,0,0,0,0,0,p
52,s30,0,0,0,0,0,0,0,0,0,0,bradbury.fahrenheit.0.2.sent,bradbury.fahrenheit.0.2.sents30,0,0,0,0,0,0,n
52,s34,0,0,0,0,0,0,0,0,0,0,bradbury.fahrenheit.0.2.sent,bradbury.fahrenheit.0.2.sents34,0,1,0,0,1,0,n
52,s35,0,0,0,0,0,0,0,0,0,0,bradbury.fahrenheit.0.2.sent,bradbury.fahrenheit.0.2.sents35,0,1,0,0,1,0,n
52,s37,0,0,0,0,0,1,0,0,0,0,bradbury.fahrenheit.0.2.sent,bradbury.fahrenheit.0.2.sents37,0,1,0,0,1,0,n
53,s33,0,0,0,0,0,0,0,0,0,0,bronte.jane.1.6.sent,bronte.jane.1.6.sents33,1,0,0,0,0,0,p
53,s34,0,0,0,0,0,0,0,0,0,0,bronte.jane.1.6.sent,bronte.jane.1.6.sents34,0,0,0,0,0,0,p
53,s38,0,0,0,0,0,0,0,0,0,0,bronte.jane.1.6.sent,bronte.jane.1.6.sents38,2,0,0,2,0,0,p
54,s24,0,0,0,0,0,0,0,0,0,0,bronte.jane.2.5.sent,bronte.jane.2.5.sents24,1,0,1,1,0,1,p
54,s25,0,0,0,0,0,0,0,0,0,0,bronte.jane.2.5.sent,bronte.jane.2.5.sents25,1,0,0,1,0,0,p
55,s48,0,0,0,0,0,0,0,0,0,0,butler.kindred.0.5.sent,butler.kindred.0.5.sents48,0,0,0,0,0,0,n
56,s1,0,0,0,0,0,0,0,0,0,0,butler.kindred.1.5.sent,butler.kindred.1.5.sents1,1,0,0,1,0,0,p
56,s22,0,0,0,0,0,0,0,0,0,0,butler.kindred.1.5.sent,butler.kindred.1.5.sents22,0,1,0,0,1,0,p
56,s26,0,0,0,0,0,0,0,0,0,0,butler.kindred.1.5.sent,butler.kindred.1.5.sents26,0,0,0,0,0,0,p
56,s28,0,0,0,0,0,0,0,0,0,0,butler.kindred.1.5.sent,butler.kindred.1.5.sents28,0,0,0,0,0,0,p
56,s37,0,0,0,1,0,0,0,0,0,0,butler.kindred.1.5.sent,butler.kindred.1.5.sents37,0,0,0,0,0,0,p
56,s59,0,0,0,0,0,0,0,0,0,0,butler.kindred.1.5.sent,butler.kindred.1.5.sents59,0,1,0,0,0,0,n
56,s60,0,0,0,0,0,0,0,0,0,0,butler.kindred.1.5.sent,butler.kindred.1.5.sents60,0,0,0,0,0,0,p
57,s10,0,0,0,0,0,0,0,0,0,0,capote.incold.0.1.sent,capote.incold.0.1.sents10,0,0,0,0,0,0,p
57,s13,0,0,0,0,0,0,0,0,0,0,capote.incold.0.1.sent,capote.incold.0.1.sents13,1,0,0,1,0,0,p
57,s21,0,0,0,0,0,0,0,0,0,0,capote.incold.0.1.sent,capote.incold.0.1.sents21,0,0,0,0,0,0,p
57,s24,0,0,0,1,0,0,0,0,0,0,capote.incold.0.1.sent,capote.incold.0.1.sents24,0,0,0,0,0,0,p
57,s28,0,0,0,0,0,0,0,0,0,0,capote.incold.0.1.sent,capote.incold.0.1.sents28,0,1,0,0,1,0,p
58,s3,0,0,1,0,0,0,0,0,1,0,cervantes.don.1.5.sent,cervantes.don.1.5.sents3,1,0,0,1,0,0,p
58,s9,0,0,0,0,0,0,0,0,0,0,cervantes.don.1.5.sent,cervantes.don.1.5.sents9,0,0,0,0,0,0,p
58,s14,1,0,1,0,0,0,0,0,2,0,cervantes.don.1.5.sent,cervantes.don.1.5.sents14,0,0,1,0,0,1,p
58,s23,0,0,0,0,0,0,0,0,0,0,cervantes.don.1.5.sent,cervantes.don.1.5.sents23,0,0,0,0,0,0,p
59,s9,0,0,0,0,0,0,0,0,0,0,chandler.big.1.7.sent,chandler.big.1.7.sents9,0,0,0,0,0,0,p
59,s12,0,0,0,0,0,0,0,0,0,0,chandler.big.1.7.sent,chandler.big.1.7.sents12,0,0,0,0,0,0,p
59,s45,0,0,0,0,0,0,0,0,0,0,chandler.big.1.7.sent,chandler.big.1.7.sents45,1,0,0,1,0,0,p
59,s46,0,0,0,0,0,1,0,0,0,0,chandler.big.1.7.sent,chandler.big.1.7.sents46,0,1,1,0,1,1,n
59,s50,0,0,1,0,0,0,0,0,2,0,chandler.big.1.7.sent,chandler.big.1.7.sents50,0,0,0,0,0,0,p
60,s13,0,0,0,0,0,0,0,0,0,0,chandler.big.1.8.sent,chandler.big.1.8.sents13,0,0,0,0,0,0,n
60,s14,0,1,0,1,0,0,0,0,0,0,chandler.big.1.8.sent,chandler.big.1.8.sents14,0,0,0,0,0,0,n
60,s18,0,0,0,1,0,0,0,0,0,1,chandler.big.1.8.sent,chandler.big.1.8.sents18,1,2,0,0,0,0,n
60,s22,0,0,0,0,0,1,0,0,0,0,chandler.big.1.8.sent,chandler.big.1.8.sents22,0,0,1,0,0,0,n
61,s38,0,0,0,0,0,0,0,0,0,0,chandler.big.4.7.sent,chandler.big.4.7.sents38,0,0,0,0,0,0,p
61,s40,1,0,1,0,0,0,0,0,1,0,chandler.big.4.7.sent,chandler.big.4.7.sents40,0,0,0,0,0,0,p
61,s41,0,0,1,0,0,0,0,0,0,0,chandler.big.4.7.sent,chandler.big.4.7.sents41,0,0,0,0,0,0,p
61,s43,0,0,0,0,0,0,0,0,1,0,chandler.big.4.7.sent,chandler.big.4.7.sents43,0,0,0,0,0,0,p
61,s44,0,0,1,0,0,0,2,1,0,0,chandler.big.4.7.sent,chandler.big.4.7.sents44,0,1,0,0,0,0,p
62,s7,0,0,0,0,0,0,0,0,0,0,chandler.big.7.8.sent,chandler.big.7.8.sents7,0,0,0,0,0,0,n
62,s8,0,0,0,0,0,0,0,0,0,0,chandler.big.7.8.sent,chandler.big.7.8.sents8,0,0,0,0,0,0,n
63,s50,0,0,0,0,0,0,0,1,0,1,chaucer.canterbury.2.31.sent,chaucer.canterbury.2.31.sents50,0,0,0,0,0,0,p
63,s53,0,0,0,0,0,0,0,0,0,0,chaucer.canterbury.2.31.sent,chaucer.canterbury.2.31.sents53,1,0,0,1,0,0,p
63,s54,0,0,0,0,0,0,0,0,0,0,chaucer.canterbury.2.31.sent,chaucer.canterbury.2.31.sents54,0,0,0,0,0,0,p
63,s59,0,1,0,0,0,1,0,0,0,0,chaucer.canterbury.2.31.sent,chaucer.canterbury.2.31.sents59,0,2,1,0,2,1,p
63,s61,0,0,0,0,0,0,0,0,0,0,chaucer.canterbury.2.31.sent,chaucer.canterbury.2.31.sents61,0,0,0,0,0,0,p
64,s11,1,0,1,0,0,0,0,0,0,0,chopin.awakening.0.6.sent,chopin.awakening.0.6.sents11,2,0,0,2,0,0,p
64,s13,0,0,0,0,0,0,0,0,0,0,chopin.awakening.0.6.sent,chopin.awakening.0.6.sents13,0,0,0,0,0,0,p
64,s15,0,0,0,0,0,0,0,0,0,0,chopin.awakening.0.6.sent,chopin.awakening.0.6.sents15,1,0,0,1,0,0,p
64,s18,0,0,0,0,0,0,0,0,1,1,chopin.awakening.0.6.sent,chopin.awakening.0.6.sents18,3,0,0,3,0,0,p
64,s19,0,0,0,0,0,0,0,0,1,1,chopin.awakening.0.6.sent,chopin.awakening.0.6.sents19,1,0,0,1,0,0,p
64,s20,0,0,0,0,0,1,0,0,0,0,chopin.awakening.0.6.sent,chopin.awakening.0.6.sents20,1,1,0,1,1,0,p
64,s29,0,0,0,0,0,0,1,0,2,0,chopin.awakening.0.6.sent,chopin.awakening.0.6.sents29,1,0,0,1,0,0,p
64,s33,0,0,0,0,0,0,0,0,0,0,chopin.awakening.0.6.sent,chopin.awakening.0.6.sents33,1,0,0,1,0,0,p
64,s35,0,0,0,0,0,0,2,0,0,0,chopin.awakening.0.6.sent,chopin.awakening.0.6.sents35,2,0,0,2,0,0,p
64,s36,0,0,0,0,0,0,0,0,0,0,chopin.awakening.0.6.sent,chopin.awakening.0.6.sents36,0,0,0,0,0,0,p
64,s37,0,0,1,0,0,0,0,0,0,0,chopin.awakening.0.6.sent,chopin.awakening.0.6.sents37,3,0,0,3,0,0,p
64,s38,0,1,0,1,0,0,0,0,0,0,chopin.awakening.0.6.sent,chopin.awakening.0.6.sents38,3,0,0,3,0,0,p
64,s40,0,0,0,0,0,0,0,0,0,0,chopin.awakening.0.6.sent,chopin.awakening.0.6.sents40,1,0,0,1,0,0,p
64,s41,0,0,0,0,0,0,0,0,0,0,chopin.awakening.0.6.sent,chopin.awakening.0.6.sents41,0,0,0,0,0,0,p
64,s42,0,0,0,0,0,0,0,0,0,0,chopin.awakening.0.6.sent,chopin.awakening.0.6.sents42,0,0,0,0,0,0,p
65,s4,0,0,0,0,0,0,0,0,0,0,chopin.awakening.3.6.sent,chopin.awakening.3.6.sents4,2,0,0,2,0,0,p
65,s5,0,0,0,0,0,0,0,0,0,0,chopin.awakening.3.6.sent,chopin.awakening.3.6.sents5,1,0,0,1,0,0,p
65,s40,0,0,0,0,0,0,0,0,0,2,chopin.awakening.3.6.sent,chopin.awakening.3.6.sents40,1,0,0,1,0,0,p
66,s44,0,0,1,1,1,0,0,1,2,2,christie.none.1.6.sent,christie.none.1.6.sents44,1,0,0,1,0,0,n
66,s45,0,0,0,0,0,0,0,0,0,0,christie.none.1.6.sent,christie.none.1.6.sents45,0,0,0,0,0,0,n
67,s11,0,0,0,0,0,0,0,0,0,0,christie.none.1.8.sent,christie.none.1.8.sents11,1,1,0,1,0,0,p
67,s27,0,0,0,0,0,0,0,0,0,0,christie.none.1.8.sent,christie.none.1.8.sents27,0,0,0,0,0,0,p
67,s30,0,0,0,0,0,0,0,0,0,0,christie.none.1.8.sent,christie.none.1.8.sents30,0,0,0,0,0,0,p
68,s20,0,0,0,0,0,0,0,0,0,0,clarke.childhood.7.8.sent,clarke.childhood.7.8.sents20,0,0,0,0,0,0,p
68,s25,0,0,0,1,0,0,0,0,0,0,clarke.childhood.7.8.sent,clarke.childhood.7.8.sents25,2,0,0,2,0,0,p
68,s32,0,0,0,0,0,0,0,0,0,0,clarke.childhood.7.8.sent,clarke.childhood.7.8.sents32,1,0,0,1,0,0,p
68,s35,0,0,0,0,0,0,0,0,0,0,clarke.childhood.7.8.sent,clarke.childhood.7.8.sents35,0,0,1,0,0,0,p
69,s29,0,0,0,0,0,0,0,0,0,0,clarke.odyssey.4.6.sent,clarke.odyssey.4.6.sents29,0,0,0,0,0,0,p
69,s31,0,0,0,0,0,0,0,0,0,0,clarke.odyssey.4.6.sent,clarke.odyssey.4.6.sents31,0,0,0,0,0,0,p
69,s35,0,0,0,1,0,0,0,0,0,0,clarke.odyssey.4.6.sent,clarke.odyssey.4.6.sents35,0,0,0,0,0,0,p
69,s36,0,0,0,0,0,0,0,1,0,0,clarke.odyssey.4.6.sent,clarke.odyssey.4.6.sents36,0,1,0,0,1,0,p
69,s47,0,0,0,0,0,0,0,0,0,0,clarke.odyssey.4.6.sent,clarke.odyssey.4.6.sents47,0,0,0,0,0,0,p
70,s3,0,0,0,1,1,0,0,0,1,1,collins.catching.1.7.sent,collins.catching.1.7.sents3,2,1,0,0,1,0,p
70,s17,0,0,0,0,0,0,0,0,0,0,collins.catching.1.7.sent,collins.catching.1.7.sents17,0,0,0,0,0,0,p
70,s21,0,0,1,0,0,0,0,0,1,0,collins.catching.1.7.sent,collins.catching.1.7.sents21,2,0,0,1,0,0,p
71,s32,0,0,0,0,0,0,0,1,0,0,collins.hunger.0.3.sent,collins.hunger.0.3.sents32,0,2,0,0,2,0,p
71,s38,0,0,0,0,0,0,0,0,0,0,collins.hunger.0.3.sent,collins.hunger.0.3.sents38,0,0,0,0,0,0,p
71,s39,0,0,0,0,0,0,0,0,0,0,collins.hunger.0.3.sent,collins.hunger.0.3.sents39,0,0,0,0,0,0,p
71,s43,0,0,0,1,0,0,0,0,0,1,collins.hunger.0.3.sent,collins.hunger.0.3.sents43,0,1,0,0,1,0,p
72,s11,0,0,0,0,0,0,0,0,0,0,collins.hunger.1.3.sent,collins.hunger.1.3.sents11,0,0,2,0,0,2,p
72,s13,0,0,0,0,0,0,0,0,0,0,collins.hunger.1.3.sent,collins.hunger.1.3.sents13,1,0,1,1,0,1,p
72,s17,0,0,0,0,0,0,0,0,0,0,collins.hunger.1.3.sent,collins.hunger.1.3.sents17,0,0,0,0,0,0,p
72,s18,0,0,0,0,0,0,0,0,0,0,collins.hunger.1.3.sent,collins.hunger.1.3.sents18,0,0,0,0,0,0,p
72,s37,0,0,0,1,0,0,1,0,0,0,collins.hunger.1.3.sent,collins.hunger.1.3.sents37,0,0,0,0,0,0,p
72,s45,0,0,0,0,0,0,0,0,0,0,collins.hunger.1.3.sent,collins.hunger.1.3.sents45,0,0,0,0,0,0,p
72,s52,0,0,0,0,0,0,1,0,0,1,collins.hunger.1.3.sent,collins.hunger.1.3.sents52,1,0,0,1,0,0,p
72,s60,0,0,0,0,0,0,0,0,0,0,collins.hunger.1.3.sent,collins.hunger.1.3.sents60,0,0,0,0,0,0,p
72,s70,0,0,0,0,0,0,0,0,0,0,collins.hunger.1.3.sent,collins.hunger.1.3.sents70,0,1,0,0,1,0,p
72,s73,0,0,0,1,0,0,0,0,0,1,collins.hunger.1.3.sent,collins.hunger.1.3.sents73,0,1,0,0,1,0,p
73,s0,0,0,0,0,0,0,0,0,0,0,conrad.heart.0.1.sent,conrad.heart.0.1.sents0,1,0,0,1,0,0,p
73,s28,0,0,0,1,0,0,1,0,0,0,conrad.heart.0.1.sent,conrad.heart.0.1.sents28,0,0,0,0,0,0,p
73,s30,0,0,0,0,0,0,0,0,0,0,conrad.heart.0.1.sent,conrad.heart.0.1.sents30,1,1,0,1,1,0,p
73,s38,0,0,0,0,0,0,0,0,0,0,conrad.heart.0.1.sent,conrad.heart.0.1.sents38,0,0,0,0,0,0,p
74,s11,0,0,0,0,0,0,0,0,1,1,cooper.last.1.4.sent,cooper.last.1.4.sents11,0,0,0,0,0,0,n
74,s20,0,0,0,0,0,0,0,0,0,0,cooper.last.1.4.sent,cooper.last.1.4.sents20,0,1,0,0,0,0,n
74,s22,0,0,0,0,0,0,0,0,0,0,cooper.last.1.4.sent,cooper.last.1.4.sents22,0,1,0,0,0,0,n
74,s26,0,0,0,0,0,0,0,0,0,0,cooper.last.1.4.sent,cooper.last.1.4.sents26,0,0,0,0,0,0,n
74,s28,0,0,0,1,0,1,0,0,0,4,cooper.last.1.4.sent,cooper.last.1.4.sents28,0,1,0,0,0,0,n
75,s18,0,0,0,1,0,0,0,1,0,0,cooper.last.3.8.sent,cooper.last.3.8.sents18,1,0,0,1,0,0,n
75,s21,0,0,0,0,0,0,0,0,0,0,cooper.last.3.8.sent,cooper.last.3.8.sents21,0,0,0,0,0,0,n
76,s18,0,0,0,1,0,0,0,1,0,0,cooper.last.7.8.sent,cooper.last.7.8.sents18,1,0,0,1,0,0,p
76,s23,0,0,1,0,0,0,0,0,2,0,cooper.last.7.8.sent,cooper.last.7.8.sents23,1,0,0,1,0,0,p
77,s15,0,0,0,0,0,0,0,0,0,0,cormier.iam.4.8.sent,cormier.iam.4.8.sents15,1,0,0,1,0,0,p
77,s18,0,1,0,1,0,0,0,0,0,1,cormier.iam.4.8.sent,cormier.iam.4.8.sents18,0,0,1,0,0,0,p
77,s32,0,0,0,0,0,0,0,0,0,0,cormier.iam.4.8.sent,cormier.iam.4.8.sents32,1,0,0,1,0,0,p
77,s75,0,0,0,0,0,0,0,0,0,0,cormier.iam.4.8.sent,cormier.iam.4.8.sents75,0,0,0,0,0,0,p
78,s3,0,0,0,0,0,0,0,0,0,0,cuningham.hours.0.4.sent,cuningham.hours.0.4.sents3,1,0,0,1,0,0,p
78,s10,0,0,0,0,0,0,0,0,0,0,cuningham.hours.0.4.sent,cuningham.hours.0.4.sents10,1,0,0,1,0,0,p
78,s22,0,0,1,0,0,0,0,0,2,1,cuningham.hours.0.4.sent,cuningham.hours.0.4.sents22,0,0,0,0,0,0,p
78,s23,0,0,0,1,0,0,0,0,3,0,cuningham.hours.0.4.sent,cuningham.hours.0.4.sents23,1,0,0,1,0,0,p
78,s35,0,0,0,0,0,0,0,0,0,0,cuningham.hours.0.4.sent,cuningham.hours.0.4.sents35,1,0,0,1,0,0,p
78,s59,0,0,0,0,0,0,0,0,0,0,cuningham.hours.0.4.sent,cuningham.hours.0.4.sents59,2,0,0,2,0,0,p
78,s60,0,0,1,0,0,0,0,0,1,0,cuningham.hours.0.4.sent,cuningham.hours.0.4.sents60,1,0,0,1,0,0,p
79,s16,0,0,0,0,0,0,0,0,0,0,danticat.breath.0.3.sent,danticat.breath.0.3.sents16,1,0,0,1,0,0,p
79,s48,0,0,0,0,0,0,0,0,0,0,danticat.breath.0.3.sent,danticat.breath.0.3.sents48,0,0,1,0,0,0,p
79,s52,0,0,0,0,0,0,0,0,0,0,danticat.breath.0.3.sent,danticat.breath.0.3.sents52,0,0,0,0,0,0,p
80,s0,0,0,0,0,1,0,0,0,1,0,danticat.breath.2.7.sent,danticat.breath.2.7.sents0,0,0,1,0,0,1,p
80,s1,0,0,0,0,0,0,0,0,0,0,danticat.breath.2.7.sent,danticat.breath.2.7.sents1,0,0,2,0,0,2,p
80,s6,0,0,0,0,0,0,0,0,1,0,danticat.breath.2.7.sent,danticat.breath.2.7.sents6,0,0,1,0,0,0,p
80,s9,0,0,0,0,0,0,0,0,0,0,danticat.breath.2.7.sent,danticat.breath.2.7.sents9,0,0,0,0,0,0,p
81,s25,1,0,0,0,1,0,0,0,0,0,danticat.breath.6.7.sent,danticat.breath.6.7.sents25,0,0,0,0,0,0,p
81,s26,0,0,0,0,0,0,0,0,0,0,danticat.breath.6.7.sent,danticat.breath.6.7.sents26,1,0,0,0,0,0,p
81,s28,0,0,0,0,0,0,0,0,0,0,danticat.breath.6.7.sent,danticat.breath.6.7.sents28,1,0,0,1,0,0,p
81,s32,0,0,0,1,0,0,0,0,0,0,danticat.breath.6.7.sent,danticat.breath.6.7.sents32,0,0,2,0,0,2,p
81,s50,0,0,1,0,0,0,0,0,1,1,danticat.breath.6.7.sent,danticat.breath.6.7.sents50,1,0,0,1,0,0,p
81,s51,0,0,0,0,0,0,1,0,1,0,danticat.breath.6.7.sent,danticat.breath.6.7.sents51,0,0,0,0,0,0,p
81,s52,0,0,0,0,0,0,0,0,0,0,danticat.breath.6.7.sent,danticat.breath.6.7.sents52,0,0,0,0,0,0,p
81,s54,0,0,0,0,0,0,0,0,0,0,danticat.breath.6.7.sent,danticat.breath.6.7.sents54,0,1,0,0,0,0,p
82,s70,0,0,1,0,0,0,0,0,0,0,dickens.bleak.2.11.sent,dickens.bleak.2.11.sents70,0,0,0,0,0,0,p
83,s8,0,0,0,0,0,0,0,0,0,0,dickens.bleak.3.17.sent,dickens.bleak.3.17.sents8,0,0,0,0,0,0,n
83,s67,0,0,0,0,0,0,0,1,0,0,dickens.bleak.3.17.sent,dickens.bleak.3.17.sents67,0,1,0,0,1,0,n
84,s77,0,0,0,0,1,0,0,0,0,0,dickens.bleak.14.17.sent,dickens.bleak.14.17.sents77,1,0,0,1,0,0,p
84,s80,0,0,0,0,1,0,0,0,0,0,dickens.bleak.14.17.sent,dickens.bleak.14.17.sents80,1,0,0,0,0,0,p
85,s37,0,0,0,1,0,0,0,0,0,0,dickens.bleak.14.19.sent,dickens.bleak.14.19.sents37,0,0,0,0,0,0,p
86,s60,0,0,0,0,0,0,0,0,0,0,dickens.bleak.17.18.sent,dickens.bleak.17.18.sents60,0,0,0,0,0,0,p
86,s79,0,0,0,0,0,0,0,0,0,0,dickens.bleak.17.18.sent,dickens.bleak.17.18.sents79,0,0,0,0,0,0,p
86,s80,0,0,0,0,0,0,1,0,0,0,dickens.bleak.17.18.sent,dickens.bleak.17.18.sents80,1,0,0,0,0,0,p
86,s108,0,0,1,0,0,0,0,0,0,0,dickens.bleak.17.18.sent,dickens.bleak.17.18.sents108,2,0,0,1,0,0,p
86,s116,0,0,1,0,0,0,0,0,0,0,dickens.bleak.17.18.sent,dickens.bleak.17.18.sents116,2,0,0,1,0,0,p
86,s118,0,0,0,0,0,0,0,0,0,0,dickens.bleak.17.18.sent,dickens.bleak.17.18.sents118,0,0,0,0,0,0,p
86,s122,0,0,0,0,0,0,0,0,0,0,dickens.bleak.17.18.sent,dickens.bleak.17.18.sents122,0,0,2,0,0,0,p
87,s0,0,0,0,0,0,0,0,0,0,0,dickens.bleak.17.19.sent,dickens.bleak.17.19.sents0,0,0,0,0,0,0,p
87,s21,0,0,0,0,0,0,0,0,0,0,dickens.bleak.17.19.sent,dickens.bleak.17.19.sents21,0,0,0,0,0,0,p
87,s22,0,0,0,0,0,0,0,0,0,0,dickens.bleak.17.19.sent,dickens.bleak.17.19.sents22,0,0,1,0,0,1,p
87,s75,0,0,0,0,0,0,0,0,0,0,dickens.bleak.17.19.sent,dickens.bleak.17.19.sents75,1,0,0,1,0,0,p
88,s26,0,0,0,0,0,0,0,0,0,0,dickens.david.9.15.sent,dickens.david.9.15.sents26,2,0,1,2,0,0,p
88,s35,1,0,0,0,0,0,1,0,1,1,dickens.david.9.15.sent,dickens.david.9.15.sents35,2,0,0,2,0,0,p
88,s39,0,0,0,0,0,0,0,0,0,0,dickens.david.9.15.sent,dickens.david.9.15.sents39,1,0,0,1,0,0,p
88,s40,0,0,1,0,0,0,0,0,0,0,dickens.david.9.15.sent,dickens.david.9.15.sents40,1,0,0,1,0,0,p
89,s34,0,0,1,0,0,0,0,0,0,0,dickens.great.4.9.sent,dickens.great.4.9.sents34,1,0,0,1,0,0,p
89,s37,0,0,0,0,0,0,0,0,0,0,dickens.great.4.9.sent,dickens.great.4.9.sents37,0,0,0,0,0,0,p
90,s9,0,0,1,1,0,0,0,0,2,0,dickens.great.5.9.sent,dickens.great.5.9.sents9,0,1,0,0,0,0,n
90,s11,0,0,0,1,0,0,0,0,0,0,dickens.great.5.9.sent,dickens.great.5.9.sents11,0,1,0,0,0,0,n
90,s20,0,0,0,1,0,0,0,0,0,0,dickens.great.5.9.sent,dickens.great.5.9.sents20,0,0,0,0,0,0,n
90,s36,0,0,0,0,0,0,0,1,0,1,dickens.great.5.9.sent,dickens.great.5.9.sents36,1,1,0,0,0,0,n
91,s17,0,0,1,0,0,0,0,0,0,0,dickens.great.6.9.sent,dickens.great.6.9.sents17,0,0,0,0,0,0,p
91,s18,0,0,1,0,0,0,0,0,0,0,dickens.great.6.9.sent,dickens.great.6.9.sents18,1,0,0,1,0,0,p
91,s19,0,0,0,0,0,0,0,0,0,0,dickens.great.6.9.sent,dickens.great.6.9.sents19,1,0,0,1,0,0,p
91,s36,0,0,0,0,0,0,0,1,1,0,dickens.great.6.9.sent,dickens.great.6.9.sents36,1,1,0,0,0,0,p
91,s37,0,0,0,0,0,0,0,0,0,0,dickens.great.6.9.sent,dickens.great.6.9.sents37,0,0,0,0,0,0,p
91,s45,0,0,0,0,0,0,0,0,0,0,dickens.great.6.9.sent,dickens.great.6.9.sents45,1,0,0,1,0,0,p
92,s8,0,0,0,0,0,0,0,0,0,0,dickens.great.7.9.sent,dickens.great.7.9.sents8,0,0,1,0,0,0,p
92,s13,0,0,0,0,0,0,0,0,0,0,dickens.great.7.9.sent,dickens.great.7.9.sents13,3,0,0,1,0,0,p
92,s27,0,0,1,0,0,0,0,0,2,0,dickens.great.7.9.sent,dickens.great.7.9.sents27,1,0,0,1,0,0,n
92,s30,0,0,1,0,0,0,0,0,2,0,dickens.great.7.9.sent,dickens.great.7.9.sents30,1,0,0,1,0,0,p
92,s33,0,0,0,0,0,0,0,0,0,0,dickens.great.7.9.sent,dickens.great.7.9.sents33,0,0,0,0,0,0,p
93,s42,0,0,0,0,1,0,0,0,1,1,dickens.great.9.11.sent,dickens.great.9.11.sents42,0,0,0,0,0,0,p
94,s23,0,0,0,1,0,0,1,0,0,0,dickens.hard.7.10.sent,dickens.hard.7.10.sents23,2,1,1,0,1,1,p
94,s24,0,0,0,1,0,1,0,0,0,1,dickens.hard.7.10.sent,dickens.hard.7.10.sents24,0,1,0,0,1,0,p
94,s29,0,0,0,0,0,0,0,0,0,0,dickens.hard.7.10.sent,dickens.hard.7.10.sents29,0,0,0,0,0,0,p
95,s12,0,0,0,0,0,0,1,0,0,0,dostoevsky.brothers.0.1.sent,dostoevsky.brothers.0.1.sents12,2,0,0,1,0,0,n
95,s50,0,0,0,0,0,0,0,1,0,0,dostoevsky.brothers.0.1.sent,dostoevsky.brothers.0.1.sents50,1,0,0,0,0,0,
96,s12,0,0,0,0,0,0,0,0,0,0,dostoevsky.brothers.0.6.sent,dostoevsky.brothers.0.6.sents12,2,0,0,1,0,0,n
96,s13,0,0,0,0,0,0,0,0,0,0,dostoevsky.brothers.0.6.sent,dostoevsky.brothers.0.6.sents13,0,0,0,0,0,0,n
96,s23,0,0,0,0,0,0,0,0,0,0,dostoevsky.brothers.0.6.sent,dostoevsky.brothers.0.6.sents23,1,0,0,1,0,0,n
96,s76,0,0,1,0,0,0,1,0,1,0,dostoevsky.brothers.0.6.sent,dostoevsky.brothers.0.6.sents76,1,0,0,0,0,0,p
97,s12,0,0,0,0,1,0,0,0,0,0,dostoevsky.brothers.1.6.sent,dostoevsky.brothers.1.6.sents12,2,0,0,0,0,0,p
97,s13,0,0,0,0,0,0,0,0,0,0,dostoevsky.brothers.1.6.sent,dostoevsky.brothers.1.6.sents13,0,0,0,0,0,0,p
97,s50,0,0,0,0,0,1,0,0,0,0,dostoevsky.brothers.1.6.sent,dostoevsky.brothers.1.6.sents50,1,0,0,0,0,0,n
97,s55,0,0,1,0,0,0,0,0,0,0,dostoevsky.brothers.1.6.sent,dostoevsky.brothers.1.6.sents55,2,0,0,0,0,0,p
97,s56,0,0,0,0,0,0,0,0,0,0,dostoevsky.brothers.1.6.sent,dostoevsky.brothers.1.6.sents56,1,0,0,1,0,0,p
97,s76,0,0,2,0,0,0,0,0,0,0,dostoevsky.brothers.1.6.sent,dostoevsky.brothers.1.6.sents76,1,0,0,0,0,0,p
98,s31,0,0,0,0,0,0,0,0,0,0,dostoevsky.brothers.3.7.sent,dostoevsky.brothers.3.7.sents31,2,0,0,2,0,0,p
99,s4,0,0,0,0,0,0,0,0,0,0,dostoevsky.brothers.4.6.sent,dostoevsky.brothers.4.6.sents4,0,0,1,0,0,1,n
99,s8,0,0,1,0,0,0,0,0,0,0,dostoevsky.brothers.4.6.sent,dostoevsky.brothers.4.6.sents8,1,1,0,0,0,0,n
99,s10,0,0,0,0,0,0,0,0,0,2,dostoevsky.brothers.4.6.sent,dostoevsky.brothers.4.6.sents10,1,0,0,1,0,0,n
99,s12,0,0,0,0,1,0,0,0,0,0,dostoevsky.brothers.4.6.sent,dostoevsky.brothers.4.6.sents12,2,0,0,2,0,0,n
99,s25,0,0,0,0,0,2,0,0,0,0,dostoevsky.brothers.4.6.sent,dostoevsky.brothers.4.6.sents25,1,1,0,0,0,0,n
100,s26,0,0,0,0,1,0,0,0,0,0,dostoevsky.brothers.6.7.sent,dostoevsky.brothers.6.7.sents26,1,0,1,1,0,1,p
