,Unnamed: 0,sequence,sid,pos_acts_toeachother,neg_acts_toeachother,pos_acts_together,neg_acts_together,pos_char1_acts,neg_char1_acts,pos_char2_acts,neg_char2_acts,pos,neg,filename,unique_ID,29:posFramesFired,30:negFramesFired,31:otherFramesFired,32:posFramewrtCharFired,33:negFramewrtCharFired,34:otherFrameswrtCharFired,manualLabel
0,0,1,s0,0,0,0,0,0,0,0,1,0,1,aeschylus.libation.0.3.sent,aeschylus.libation.0.3.sents0,2,2,1,1,2,1,p
1,1,1,s9,0,0,0,0,0,0,0,0,0,0,aeschylus.libation.0.3.sent,aeschylus.libation.0.3.sents9,1,1,0,0,0,0,p
2,2,1,s10,0,0,0,0,0,0,1,0,0,0,aeschylus.libation.0.3.sent,aeschylus.libation.0.3.sents10,2,1,0,0,0,0,p
3,3,1,s12,0,0,0,0,0,0,0,0,0,0,aeschylus.libation.0.3.sent,aeschylus.libation.0.3.sents12,0,1,0,0,0,0,p
4,4,1,s13,0,0,0,0,0,0,0,0,0,2,aeschylus.libation.0.3.sent,aeschylus.libation.0.3.sents13,0,0,0,0,0,0,p
5,5,1,s14,0,0,0,0,0,0,0,0,0,0,aeschylus.libation.0.3.sent,aeschylus.libation.0.3.sents14,0,0,0,0,0,0,p
6,6,1,s17,0,0,0,0,0,0,0,0,0,0,aeschylus.libation.0.3.sent,aeschylus.libation.0.3.sents17,1,0,0,1,0,0,p
7,7,1,s21,0,0,1,0,0,0,0,0,1,0,aeschylus.libation.0.3.sent,aeschylus.libation.0.3.sents21,0,2,1,0,2,1,p
8,8,1,s23,0,0,0,0,0,0,0,0,0,0,aeschylus.libation.0.3.sent,aeschylus.libation.0.3.sents23,0,0,0,0,0,0,p
9,9,1,s24,0,0,0,0,0,0,0,0,0,0,aeschylus.libation.0.3.sent,aeschylus.libation.0.3.sents24,0,1,0,0,0,0,p
10,10,2,s0,0,0,0,0,0,0,0,0,1,0,aeschylus.libation.0.5.sent,aeschylus.libation.0.5.sents0,2,2,1,0,2,0,n
11,11,2,s12,0,0,0,0,0,0,0,0,0,0,aeschylus.libation.0.5.sent,aeschylus.libation.0.5.sents12,0,1,0,0,0,0,n
12,12,2,s14,0,0,0,0,0,0,0,0,0,1,aeschylus.libation.0.5.sent,aeschylus.libation.0.5.sents14,0,0,0,0,0,0,n
13,13,2,s16,0,0,0,0,0,0,0,0,0,1,aeschylus.libation.0.5.sent,aeschylus.libation.0.5.sents16,0,0,0,0,0,0,n
14,14,2,s20,0,0,0,0,0,0,0,0,0,0,aeschylus.libation.0.5.sent,aeschylus.libation.0.5.sents20,0,0,0,0,0,0,n
15,15,2,s24,0,0,0,0,0,0,0,0,1,0,aeschylus.libation.0.5.sent,aeschylus.libation.0.5.sents24,0,1,0,0,0,0,n
16,16,3,s0,0,0,0,0,0,0,0,1,1,0,aeschylus.libation.2.3.sent,aeschylus.libation.2.3.sents0,2,2,1,1,2,1,n
17,17,3,s10,0,0,1,0,0,1,0,0,1,1,aeschylus.libation.2.3.sent,aeschylus.libation.2.3.sents10,2,1,0,0,0,0,n
18,18,3,s14,0,0,0,0,0,0,0,0,0,0,aeschylus.libation.2.3.sent,aeschylus.libation.2.3.sents14,0,0,0,0,0,0,n
19,19,3,s15,0,0,0,0,0,0,0,0,0,1,aeschylus.libation.2.3.sent,aeschylus.libation.2.3.sents15,0,0,0,0,0,0,n
20,20,3,s17,0,0,0,0,0,0,0,0,0,0,aeschylus.libation.2.3.sent,aeschylus.libation.2.3.sents17,1,0,0,1,0,0,n
21,21,4,s0,0,0,0,0,0,1,0,0,1,0,aeschylus.libation.3.5.sent,aeschylus.libation.3.5.sents0,2,2,1,1,2,1,n
22,22,4,s12,0,0,0,0,0,0,0,0,0,0,aeschylus.libation.3.5.sent,aeschylus.libation.3.5.sents12,0,1,0,0,0,0,n
23,23,4,s14,0,0,0,0,0,0,0,0,0,1,aeschylus.libation.3.5.sent,aeschylus.libation.3.5.sents14,0,0,0,0,0,0,n
24,24,4,s15,0,0,0,0,0,0,0,0,0,1,aeschylus.libation.3.5.sent,aeschylus.libation.3.5.sents15,0,0,0,0,0,0,n
25,25,4,s18,0,0,0,0,0,0,0,1,0,1,aeschylus.libation.3.5.sent,aeschylus.libation.3.5.sents18,0,0,0,0,0,0,n
26,26,4,s22,1,0,0,1,0,0,0,0,0,1,aeschylus.libation.3.5.sent,aeschylus.libation.3.5.sents22,0,0,1,0,0,1,n
27,27,4,s24,0,0,0,0,0,0,0,0,1,0,aeschylus.libation.3.5.sent,aeschylus.libation.3.5.sents24,0,1,0,0,0,0,n
28,28,5,s5,0,0,0,0,0,0,0,0,0,0,agee.death.0.1.sent,agee.death.0.1.sents5,0,0,1,0,0,1,n
29,29,5,s6,0,0,0,0,0,0,0,0,0,0,agee.death.0.1.sent,agee.death.0.1.sents6,0,1,1,0,1,1,n
30,30,5,s7,0,0,0,0,0,1,0,0,1,1,agee.death.0.1.sent,agee.death.0.1.sents7,0,0,0,0,0,0,n
31,31,5,s15,0,0,0,0,0,1,0,0,1,0,agee.death.0.1.sent,agee.death.0.1.sents15,0,0,1,0,0,1,n
32,32,5,s40,0,0,0,0,0,0,1,0,1,0,agee.death.0.1.sent,agee.death.0.1.sents40,0,0,1,0,0,0,n
33,33,5,s41,0,0,0,0,0,0,0,0,0,1,agee.death.0.1.sent,agee.death.0.1.sents41,1,0,0,0,0,0,n
34,34,6,s10,0,0,0,0,0,0,0,0,0,0,agee.death.1.4.sent,agee.death.1.4.sents10,1,0,0,1,0,0,p
35,35,6,s11,0,0,0,0,0,0,1,0,0,1,agee.death.1.4.sent,agee.death.1.4.sents11,0,1,1,0,1,1,p
36,36,6,s12,0,0,1,0,0,0,0,0,2,0,agee.death.1.4.sent,agee.death.1.4.sents12,1,0,0,1,0,0,p
37,37,6,s14,0,0,0,0,0,0,0,0,0,0,agee.death.1.4.sent,agee.death.1.4.sents14,0,0,1,0,0,1,p
38,38,6,s21,0,0,0,0,0,0,0,0,0,1,agee.death.1.4.sent,agee.death.1.4.sents21,1,0,1,1,0,1,p
39,39,6,s30,0,0,0,0,0,0,0,0,0,0,agee.death.1.4.sent,agee.death.1.4.sents30,0,0,0,0,0,0,p
40,40,6,s41,0,0,0,0,0,0,0,0,0,0,agee.death.1.4.sent,agee.death.1.4.sents41,1,0,0,0,0,0,p
41,41,6,s42,0,0,0,0,0,0,0,0,0,0,agee.death.1.4.sent,agee.death.1.4.sents42,0,0,0,0,0,0,p
42,42,6,s44,0,0,0,0,0,0,0,0,0,0,agee.death.1.4.sent,agee.death.1.4.sents44,0,0,0,0,0,0,p
43,43,7,s30,0,0,0,0,0,0,0,0,0,1,agee.death.1.9.sent,agee.death.1.9.sents30,0,0,0,0,0,0,p
44,44,7,s36,0,0,0,0,0,1,0,0,0,0,agee.death.1.9.sent,agee.death.1.9.sents36,0,0,0,0,0,0,p
45,45,7,s40,0,0,0,0,1,0,0,0,1,0,agee.death.1.9.sent,agee.death.1.9.sents40,0,0,1,0,0,0,p
46,46,7,s42,0,0,0,0,0,0,0,0,0,0,agee.death.1.9.sent,agee.death.1.9.sents42,0,0,0,0,0,0,p
47,47,7,s70,0,0,0,0,0,1,0,0,0,2,agee.death.1.9.sent,agee.death.1.9.sents70,0,0,1,0,0,0,p
48,48,8,s18,0,0,0,0,0,0,0,0,0,0,agee.death.3.4.sent,agee.death.3.4.sents18,0,0,0,0,0,0,p
49,49,8,s23,0,0,0,1,0,0,0,0,0,0,agee.death.3.4.sent,agee.death.3.4.sents23,0,0,0,0,0,0,p
50,50,8,s34,0,0,0,0,0,0,0,0,0,0,agee.death.3.4.sent,agee.death.3.4.sents34,0,0,0,0,0,0,p
51,51,8,s43,0,0,0,0,0,0,0,0,0,0,agee.death.3.4.sent,agee.death.3.4.sents43,0,0,0,0,0,0,p
52,52,8,s47,0,0,0,0,0,0,0,0,0,0,agee.death.3.4.sent,agee.death.3.4.sents47,0,0,0,0,0,0,p
53,53,8,s61,0,0,1,0,0,0,0,0,0,0,agee.death.3.4.sent,agee.death.3.4.sents61,0,0,2,0,0,0,p
54,54,8,s71,0,0,0,1,0,0,0,0,0,0,agee.death.3.4.sent,agee.death.3.4.sents71,0,2,0,0,0,0,p
55,55,9,s18,0,0,0,0,0,0,0,0,0,0,agee.death.3.7.sent,agee.death.3.7.sents18,0,0,0,0,0,0,p
56,56,9,s19,0,0,0,0,0,0,0,0,0,0,agee.death.3.7.sent,agee.death.3.7.sents19,1,0,1,1,0,1,p
57,57,9,s20,0,0,0,0,0,0,0,0,0,0,agee.death.3.7.sent,agee.death.3.7.sents20,2,0,0,2,0,0,p
58,58,9,s54,0,0,0,0,0,0,0,0,0,0,agee.death.3.7.sent,agee.death.3.7.sents54,0,0,1,0,0,1,p
59,59,9,s59,0,0,0,1,0,0,0,0,0,2,agee.death.3.7.sent,agee.death.3.7.sents59,0,0,1,0,0,0,n
60,60,9,s60,0,0,0,0,0,0,0,0,0,0,agee.death.3.7.sent,agee.death.3.7.sents60,0,0,0,0,0,0,p
61,61,9,s71,0,0,0,0,0,1,0,0,0,2,agee.death.3.7.sent,agee.death.3.7.sents71,0,2,0,0,0,0,p
62,62,10,s26,0,0,0,0,0,0,0,0,0,0,agee.death.4.8.sent,agee.death.4.8.sents26,0,0,1,0,0,1,p
63,63,10,s27,0,0,0,0,0,0,0,0,0,0,agee.death.4.8.sent,agee.death.4.8.sents27,0,0,0,0,0,0,p
64,64,10,s32,0,0,0,0,0,0,0,0,1,0,agee.death.4.8.sent,agee.death.4.8.sents32,0,0,0,0,0,0,p
65,65,10,s33,0,0,0,0,0,0,0,0,2,0,agee.death.4.8.sent,agee.death.4.8.sents33,0,0,0,0,0,0,p
66,66,10,s34,0,0,0,0,0,0,0,0,0,0,agee.death.4.8.sent,agee.death.4.8.sents34,0,0,0,0,0,0,p
67,67,11,s22,0,0,0,0,0,0,0,0,0,0,agee.death.4.9.sent,agee.death.4.9.sents22,2,0,2,1,0,1,p
68,68,11,s29,0,0,0,0,0,0,0,0,0,0,agee.death.4.9.sent,agee.death.4.9.sents29,0,0,0,0,0,0,p
69,69,11,s30,0,0,0,0,0,0,0,0,0,1,agee.death.4.9.sent,agee.death.4.9.sents30,0,0,0,0,0,0,p
70,70,11,s34,0,0,0,0,0,0,0,0,0,0,agee.death.4.9.sent,agee.death.4.9.sents34,0,0,0,0,0,0,p
71,71,11,s42,0,0,0,0,0,0,0,0,0,0,agee.death.4.9.sent,agee.death.4.9.sents42,0,0,0,0,0,0,p
72,72,11,s43,0,0,0,0,0,0,0,0,0,0,agee.death.4.9.sent,agee.death.4.9.sents43,0,0,0,0,0,0,p
73,73,11,s71,0,0,0,1,0,0,0,1,0,1,agee.death.4.9.sent,agee.death.4.9.sents71,0,2,0,0,2,0,p
74,74,12,s11,0,0,0,0,0,0,0,0,1,0,ahmed.border.0.2.sent,ahmed.border.0.2.sents11,2,0,2,2,0,2,p
75,75,12,s12,0,0,0,0,0,0,0,0,0,1,ahmed.border.0.2.sent,ahmed.border.0.2.sents12,0,1,2,0,1,2,p
76,76,12,s13,0,0,0,1,0,0,1,0,1,1,ahmed.border.0.2.sent,ahmed.border.0.2.sents13,0,0,3,0,0,3,p
77,77,12,s14,0,0,0,0,0,0,0,0,0,0,ahmed.border.0.2.sent,ahmed.border.0.2.sents14,0,0,1,0,0,1,p
78,78,12,s15,0,0,0,0,0,0,0,0,0,0,ahmed.border.0.2.sent,ahmed.border.0.2.sents15,1,0,2,1,0,2,p
79,79,13,s12,0,0,0,0,0,0,0,0,0,0,aidoo.changes.1.4.sent,aidoo.changes.1.4.sents12,3,0,0,0,0,0,p
80,80,13,s18,0,0,0,0,0,0,0,0,0,0,aidoo.changes.1.4.sent,aidoo.changes.1.4.sents18,1,0,0,0,0,0,p
81,81,13,s19,0,0,1,0,0,0,0,0,1,0,aidoo.changes.1.4.sent,aidoo.changes.1.4.sents19,1,0,0,1,0,0,p
82,82,13,s29,0,0,0,0,0,0,0,0,0,0,aidoo.changes.1.4.sent,aidoo.changes.1.4.sents29,1,0,0,1,0,0,p
83,83,13,s38,0,0,0,0,0,0,0,0,0,0,aidoo.changes.1.4.sent,aidoo.changes.1.4.sents38,0,0,0,0,0,0,p
84,84,13,s53,0,0,0,0,0,0,0,0,0,0,aidoo.changes.1.4.sent,aidoo.changes.1.4.sents53,0,0,0,0,0,0,p
85,85,13,s59,0,0,0,0,0,0,0,0,0,0,aidoo.changes.1.4.sent,aidoo.changes.1.4.sents59,0,0,0,0,0,0,p
86,86,14,s3,0,0,0,0,0,0,0,0,0,0,aidoo.changes.4.5.sent,aidoo.changes.4.5.sents3,1,0,0,1,0,0,p
87,87,14,s4,0,0,0,0,0,0,0,0,0,0,aidoo.changes.4.5.sent,aidoo.changes.4.5.sents4,0,1,2,0,1,2,p
88,88,14,s5,0,0,0,0,0,0,0,0,0,0,aidoo.changes.4.5.sent,aidoo.changes.4.5.sents5,1,1,0,1,1,0,p
89,89,14,s6,0,0,0,0,0,0,0,0,0,1,aidoo.changes.4.5.sent,aidoo.changes.4.5.sents6,0,0,0,0,0,0,p
90,90,14,s8,0,0,0,0,0,0,0,0,0,0,aidoo.changes.4.5.sent,aidoo.changes.4.5.sents8,0,0,0,0,0,0,p
91,91,14,s18,0,0,0,0,0,0,0,0,0,0,aidoo.changes.4.5.sent,aidoo.changes.4.5.sents18,1,0,0,0,0,0,p
92,92,14,s19,0,0,1,0,0,0,0,1,1,1,aidoo.changes.4.5.sent,aidoo.changes.4.5.sents19,1,0,0,1,0,0,p
93,93,14,s24,0,0,0,0,0,0,0,0,0,0,aidoo.changes.4.5.sent,aidoo.changes.4.5.sents24,2,0,0,1,0,0,p
94,94,14,s26,0,0,0,0,0,0,0,0,0,0,aidoo.changes.4.5.sent,aidoo.changes.4.5.sents26,0,0,0,0,0,0,p
95,95,14,s27,0,0,0,0,0,0,0,0,0,0,aidoo.changes.4.5.sent,aidoo.changes.4.5.sents27,3,0,1,3,0,1,p
96,96,14,s28,0,0,0,0,0,0,0,0,0,0,aidoo.changes.4.5.sent,aidoo.changes.4.5.sents28,0,0,1,0,0,1,p
97,97,14,s30,0,0,0,0,0,0,0,0,0,0,aidoo.changes.4.5.sent,aidoo.changes.4.5.sents30,1,0,1,1,0,1,p
98,98,14,s32,0,0,0,0,0,0,0,0,0,0,aidoo.changes.4.5.sent,aidoo.changes.4.5.sents32,1,0,1,1,0,1,p
99,99,14,s34,0,0,0,0,0,0,0,0,0,0,aidoo.changes.4.5.sent,aidoo.changes.4.5.sents34,1,0,1,1,0,1,p
100,100,14,s36,0,0,0,0,0,0,0,0,0,0,aidoo.changes.4.5.sent,aidoo.changes.4.5.sents36,0,0,1,0,0,1,p
101,101,14,s42,0,0,0,0,0,0,0,0,0,0,aidoo.changes.4.5.sent,aidoo.changes.4.5.sents42,0,0,0,0,0,0,p
102,102,14,s44,0,0,1,0,0,1,0,0,0,1,aidoo.changes.4.5.sent,aidoo.changes.4.5.sents44,0,1,1,0,1,1,p
103,103,14,s45,0,0,0,0,0,0,0,0,0,0,aidoo.changes.4.5.sent,aidoo.changes.4.5.sents45,0,0,0,0,0,0,n
104,104,14,s50,0,0,0,0,0,0,0,0,0,0,aidoo.changes.4.5.sent,aidoo.changes.4.5.sents50,0,0,0,0,0,0,n
105,105,14,s56,0,0,0,0,0,0,0,0,0,0,aidoo.changes.4.5.sent,aidoo.changes.4.5.sents56,0,0,0,0,0,0,n
106,106,14,s58,0,0,0,0,0,0,0,0,0,0,aidoo.changes.4.5.sent,aidoo.changes.4.5.sents58,1,0,0,1,0,0,n
107,107,14,s62,0,0,1,0,0,0,0,0,0,1,aidoo.changes.4.5.sent,aidoo.changes.4.5.sents62,0,0,0,0,0,0,n
108,108,14,s63,0,1,0,1,0,0,0,0,0,1,aidoo.changes.4.5.sent,aidoo.changes.4.5.sents63,0,0,0,0,0,0,n
109,109,14,s64,0,0,0,0,0,0,0,0,2,0,aidoo.changes.4.5.sent,aidoo.changes.4.5.sents64,4,0,0,4,0,0,p
110,110,15,s0,0,0,0,0,0,0,0,0,0,0,albee.dream.1.3.sent,albee.dream.1.3.sents0,0,0,1,0,0,1,p
111,111,15,s14,0,0,0,0,0,0,0,0,0,0,albee.dream.1.3.sent,albee.dream.1.3.sents14,1,0,1,1,0,1,p
112,112,15,s15,0,0,0,0,0,0,0,0,0,0,albee.dream.1.3.sent,albee.dream.1.3.sents15,0,0,0,0,0,0,p
113,113,15,s21,0,0,0,0,0,0,0,0,0,0,albee.dream.1.3.sent,albee.dream.1.3.sents21,0,0,0,0,0,0,p
114,114,15,s22,0,0,0,0,0,0,0,0,0,0,albee.dream.1.3.sent,albee.dream.1.3.sents22,0,0,0,0,0,0,p
115,115,15,s27,0,0,0,0,0,0,0,0,0,0,albee.dream.1.3.sent,albee.dream.1.3.sents27,1,0,1,0,0,0,p
116,116,15,s30,0,0,0,0,0,0,0,0,0,0,albee.dream.1.3.sent,albee.dream.1.3.sents30,0,0,1,0,0,0,p
117,117,15,s35,0,0,0,0,0,0,0,0,0,1,albee.dream.1.3.sent,albee.dream.1.3.sents35,0,0,1,0,0,1,p
118,118,15,s39,0,0,0,0,0,0,0,0,1,0,albee.dream.1.3.sent,albee.dream.1.3.sents39,0,0,1,0,0,0,p
119,119,15,s68,0,0,0,1,0,0,0,0,0,0,albee.dream.1.3.sent,albee.dream.1.3.sents68,0,0,1,0,0,0,p
120,120,15,s75,0,0,0,0,0,0,0,0,0,0,albee.dream.1.3.sent,albee.dream.1.3.sents75,0,0,1,0,0,0,p
121,121,16,s31,0,0,0,0,0,0,0,0,0,0,albee.dream.2.4.sent,albee.dream.2.4.sents31,1,0,0,1,0,0,p
122,122,16,s34,0,0,0,0,0,0,0,0,0,0,albee.dream.2.4.sent,albee.dream.2.4.sents34,0,0,0,0,0,0,p
123,123,16,s37,0,0,0,0,0,0,0,0,0,0,albee.dream.2.4.sent,albee.dream.2.4.sents37,0,0,0,0,0,0,p
124,124,16,s38,0,0,0,0,0,0,0,0,0,0,albee.dream.2.4.sent,albee.dream.2.4.sents38,1,0,0,1,0,0,p
125,125,16,s50,0,0,0,0,0,0,0,0,0,0,albee.dream.2.4.sent,albee.dream.2.4.sents50,0,0,0,0,0,0,p
126,126,16,s69,0,0,0,0,0,0,0,0,0,0,albee.dream.2.4.sent,albee.dream.2.4.sents69,0,0,0,0,0,0,p
127,127,16,s71,0,0,0,0,0,0,0,0,0,0,albee.dream.2.4.sent,albee.dream.2.4.sents71,0,0,0,0,0,0,p
128,128,16,s77,0,0,0,0,0,0,0,0,0,0,albee.dream.2.4.sent,albee.dream.2.4.sents77,0,0,0,0,0,0,p
129,129,17,s10,0,0,0,0,0,0,0,0,0,0,albee.dream.3.4.sent,albee.dream.3.4.sents10,0,0,0,0,0,0,p
130,130,17,s11,0,0,0,0,0,0,0,0,0,1,albee.dream.3.4.sent,albee.dream.3.4.sents11,0,0,0,0,0,0,p
131,131,17,s13,0,0,0,0,0,0,0,0,0,0,albee.dream.3.4.sent,albee.dream.3.4.sents13,0,0,0,0,0,0,p
132,132,17,s17,0,0,0,0,0,0,0,0,0,0,albee.dream.3.4.sent,albee.dream.3.4.sents17,1,0,0,1,0,0,n
133,133,17,s32,0,0,0,1,0,0,0,0,0,1,albee.dream.3.4.sent,albee.dream.3.4.sents32,1,0,0,1,0,0,n
134,134,17,s39,0,0,0,0,0,0,0,0,2,0,albee.dream.3.4.sent,albee.dream.3.4.sents39,0,0,1,0,0,0,n
135,135,17,s76,0,0,0,0,0,0,0,1,0,0,albee.dream.3.4.sent,albee.dream.3.4.sents76,0,0,0,0,0,0,n
136,136,17,s79,0,0,0,0,1,0,0,0,0,0,albee.dream.3.4.sent,albee.dream.3.4.sents79,1,0,1,1,0,1,n
137,137,18,s10,0,0,0,0,0,0,0,0,0,0,alcott.little.3.5.sent,alcott.little.3.5.sents10,1,0,0,0,0,0,p
138,138,18,s14,0,0,0,0,0,0,0,0,0,0,alcott.little.3.5.sent,alcott.little.3.5.sents14,0,0,1,0,0,0,p
139,139,18,s16,0,0,1,0,0,0,0,0,1,0,alcott.little.3.5.sent,alcott.little.3.5.sents16,1,0,1,1,0,1,p
140,140,18,s27,0,0,0,1,0,0,0,0,0,1,alcott.little.3.5.sent,alcott.little.3.5.sents27,0,0,0,0,0,0,p
141,141,18,s38,0,0,0,0,0,0,0,0,1,0,alcott.little.3.5.sent,alcott.little.3.5.sents38,1,0,0,0,0,0,p
142,142,18,s47,0,0,0,0,0,0,1,0,1,0,alcott.little.3.5.sent,alcott.little.3.5.sents47,1,0,0,0,0,0,p
143,143,18,s48,0,0,0,0,0,0,1,0,0,0,alcott.little.3.5.sent,alcott.little.3.5.sents48,0,0,0,0,0,0,p
144,144,18,s51,0,0,0,0,0,0,0,0,0,0,alcott.little.3.5.sent,alcott.little.3.5.sents51,0,0,0,0,0,0,n
145,145,19,s4,0,0,0,0,0,0,0,0,1,1,alighieri.inferno.0.3.sent,alighieri.inferno.0.3.sents4,0,0,0,0,0,0,p
146,146,19,s5,0,0,0,0,0,0,2,0,2,1,alighieri.inferno.0.3.sent,alighieri.inferno.0.3.sents5,0,0,0,0,0,0,p
147,147,19,s6,0,0,0,0,0,0,0,1,0,1,alighieri.inferno.0.3.sent,alighieri.inferno.0.3.sents6,0,0,0,0,0,0,p
148,148,19,s7,0,0,0,0,0,0,0,0,0,0,alighieri.inferno.0.3.sent,alighieri.inferno.0.3.sents7,1,0,0,1,0,0,p
149,149,19,s20,0,0,0,0,0,0,0,0,0,0,alighieri.inferno.0.3.sent,alighieri.inferno.0.3.sents20,0,0,0,0,0,0,p
150,150,19,s21,0,0,0,1,0,0,0,0,1,0,alighieri.inferno.0.3.sent,alighieri.inferno.0.3.sents21,2,2,0,2,2,0,p
151,151,19,s24,0,0,0,0,0,0,0,0,0,0,alighieri.inferno.0.3.sent,alighieri.inferno.0.3.sents24,1,0,0,1,0,0,p
152,152,19,s30,0,0,0,0,0,0,0,0,0,0,alighieri.inferno.0.3.sent,alighieri.inferno.0.3.sents30,0,0,0,0,0,0,p
153,153,19,s41,0,0,0,0,0,0,0,0,0,0,alighieri.inferno.0.3.sent,alighieri.inferno.0.3.sents41,0,0,0,0,0,0,p
154,154,19,s42,0,0,0,0,0,0,0,0,0,0,alighieri.inferno.0.3.sent,alighieri.inferno.0.3.sents42,1,0,0,1,0,0,p
155,155,19,s46,0,0,0,0,0,0,0,0,0,0,alighieri.inferno.0.3.sent,alighieri.inferno.0.3.sents46,0,0,0,0,0,0,p
156,156,19,s52,0,0,0,0,0,0,0,0,0,0,alighieri.inferno.0.3.sent,alighieri.inferno.0.3.sents52,0,1,0,0,0,0,p
157,157,20,s3,0,0,1,0,0,0,0,0,3,0,allende.house.1.2.sent,allende.house.1.2.sents3,0,0,1,0,0,0,p
158,158,20,s6,0,0,0,1,0,0,0,0,0,2,allende.house.1.2.sent,allende.house.1.2.sents6,0,1,1,0,1,1,p
159,159,20,s14,0,0,0,0,0,0,0,0,0,0,allende.house.1.2.sent,allende.house.1.2.sents14,1,0,0,1,0,0,p
160,160,20,s17,0,0,0,0,0,0,0,0,0,0,allende.house.1.2.sent,allende.house.1.2.sents17,1,0,0,0,0,0,p
161,161,20,s27,0,0,0,0,0,0,0,0,0,0,allende.house.1.2.sent,allende.house.1.2.sents27,1,1,0,0,1,0,p
162,162,20,s28,0,0,0,0,0,0,0,0,0,0,allende.house.1.2.sent,allende.house.1.2.sents28,0,0,0,0,0,0,n
163,163,20,s36,0,0,0,0,0,0,0,0,0,0,allende.house.1.2.sent,allende.house.1.2.sents36,0,0,0,0,0,0,n
164,164,20,s37,0,0,0,0,0,0,0,0,0,0,allende.house.1.2.sent,allende.house.1.2.sents37,0,0,0,0,0,0,n
165,165,20,s42,0,0,0,0,0,0,0,0,0,0,allende.house.1.2.sent,allende.house.1.2.sents42,0,0,0,0,0,0,p
166,166,20,s50,0,0,0,0,0,0,0,0,1,0,allende.house.1.2.sent,allende.house.1.2.sents50,2,0,1,2,0,1,p
167,167,20,s51,0,0,0,0,0,0,0,0,0,0,allende.house.1.2.sent,allende.house.1.2.sents51,2,0,1,0,0,1,p
168,168,21,s16,0,0,0,0,0,0,0,0,0,0,allende.house.2.4.sent,allende.house.2.4.sents16,0,0,1,0,0,1,p
169,169,21,s27,0,0,0,0,0,0,0,0,2,0,allende.house.2.4.sent,allende.house.2.4.sents27,1,1,0,0,0,0,n
170,170,21,s28,0,0,0,0,0,0,0,0,0,0,allende.house.2.4.sent,allende.house.2.4.sents28,0,0,0,0,0,0,n
171,171,21,s29,0,0,0,0,0,0,0,0,0,0,allende.house.2.4.sent,allende.house.2.4.sents29,0,0,0,0,0,0,n
172,172,21,s30,0,0,0,0,0,0,0,0,0,0,allende.house.2.4.sent,allende.house.2.4.sents30,0,0,0,0,0,0,n
173,173,22,s1,0,0,0,0,0,0,0,0,0,0,allende.house.2.5.sent,allende.house.2.5.sents1,1,0,2,1,0,2,p
174,174,22,s51,0,0,0,0,0,0,0,0,0,1,allende.house.2.5.sent,allende.house.2.5.sents51,2,0,1,1,0,0,p
175,175,22,s69,0,0,0,0,0,0,0,1,0,1,allende.house.2.5.sent,allende.house.2.5.sents69,0,0,0,0,0,0,p
176,176,22,s70,0,0,0,0,0,0,0,0,0,0,allende.house.2.5.sent,allende.house.2.5.sents70,0,0,1,0,0,1,p
177,177,22,s72,0,0,0,0,0,0,0,0,0,0,allende.house.2.5.sent,allende.house.2.5.sents72,0,0,0,0,0,0,p
178,178,22,s73,0,0,0,0,0,0,1,0,1,0,allende.house.2.5.sent,allende.house.2.5.sents73,1,0,0,0,0,0,p
179,179,22,s74,0,0,0,0,0,0,0,0,0,0,allende.house.2.5.sent,allende.house.2.5.sents74,0,0,1,0,0,1,p
180,180,23,s31,0,0,0,0,0,0,0,0,2,0,allende.house.2.8.sent,allende.house.2.8.sents31,1,0,0,1,0,0,n
181,181,23,s32,0,0,0,0,0,0,0,0,0,0,allende.house.2.8.sent,allende.house.2.8.sents32,0,0,0,0,0,0,n
182,182,23,s35,0,0,0,0,0,0,0,2,0,2,allende.house.2.8.sent,allende.house.2.8.sents35,0,1,0,0,1,0,n
183,183,23,s44,0,0,0,1,0,0,0,0,0,1,allende.house.2.8.sent,allende.house.2.8.sents44,1,1,0,0,1,0,n
184,184,23,s51,0,0,0,0,0,0,0,0,0,1,allende.house.2.8.sent,allende.house.2.8.sents51,2,0,1,2,0,0,n
185,185,23,s60,0,0,0,0,0,0,0,0,0,0,allende.house.2.8.sent,allende.house.2.8.sents60,0,0,0,0,0,0,p
186,186,23,s66,0,0,0,0,0,0,2,0,1,1,allende.house.2.8.sent,allende.house.2.8.sents66,0,0,0,0,0,0,p
187,187,23,s68,0,0,0,0,0,0,0,0,0,0,allende.house.2.8.sent,allende.house.2.8.sents68,0,0,1,0,0,1,p
188,188,24,s17,0,0,0,0,0,0,0,0,0,0,allende.house.2.10.sent,allende.house.2.10.sents17,1,0,0,0,0,0,p
189,189,24,s31,0,0,0,0,0,0,0,0,2,0,allende.house.2.10.sent,allende.house.2.10.sents31,1,0,0,1,0,0,n
190,190,24,s35,0,0,0,0,0,0,0,1,0,0,allende.house.2.10.sent,allende.house.2.10.sents35,0,1,0,0,0,0,n
191,191,24,s44,0,0,0,1,0,0,0,0,0,1,allende.house.2.10.sent,allende.house.2.10.sents44,1,1,0,0,1,0,n
192,192,24,s60,0,0,0,0,0,0,0,0,0,0,allende.house.2.10.sent,allende.house.2.10.sents60,0,0,0,0,0,0,p
193,193,24,s66,0,0,0,0,0,0,2,0,1,1,allende.house.2.10.sent,allende.house.2.10.sents66,0,0,0,0,0,0,p
194,194,25,s32,0,0,0,0,0,0,0,0,0,0,anaya.bless.0.3.sent,anaya.bless.0.3.sents32,0,1,2,0,0,0,n
195,195,25,s34,0,0,0,0,0,0,0,1,0,0,anaya.bless.0.3.sent,anaya.bless.0.3.sents34,0,1,0,0,1,0,n
196,196,25,s41,0,0,0,0,0,0,0,0,0,1,anaya.bless.0.3.sent,anaya.bless.0.3.sents41,0,1,0,0,1,0,n
197,197,25,s46,0,0,0,0,0,0,0,0,0,1,anaya.bless.0.3.sent,anaya.bless.0.3.sents46,0,0,1,0,0,1,n
198,198,25,s47,0,0,0,0,0,0,0,0,1,0,anaya.bless.0.3.sent,anaya.bless.0.3.sents47,0,1,0,0,1,0,n
199,199,26,s0,0,0,0,0,0,0,0,0,0,0,anaya.bless.0.8.sent,anaya.bless.0.8.sents0,0,0,1,0,0,1,p
200,200,26,s2,0,0,0,0,0,0,0,0,0,0,anaya.bless.0.8.sent,anaya.bless.0.8.sents2,0,0,2,0,0,1,p
201,201,26,s8,0,0,0,0,0,0,0,0,1,0,anaya.bless.0.8.sent,anaya.bless.0.8.sents8,0,0,0,0,0,0,p
202,202,26,s12,0,0,0,0,0,0,0,0,0,0,anaya.bless.0.8.sent,anaya.bless.0.8.sents12,2,0,0,2,0,0,p
203,203,26,s14,0,0,0,0,0,0,0,0,0,0,anaya.bless.0.8.sent,anaya.bless.0.8.sents14,1,0,0,0,0,0,p
204,204,26,s24,0,0,0,0,0,0,0,0,0,0,anaya.bless.0.8.sent,anaya.bless.0.8.sents24,0,0,0,0,0,0,p
205,205,26,s25,0,0,0,0,0,0,0,0,0,1,anaya.bless.0.8.sent,anaya.bless.0.8.sents25,0,0,0,0,0,0,p
206,206,26,s40,0,0,0,0,0,0,0,0,0,0,anaya.bless.0.8.sent,anaya.bless.0.8.sents40,0,0,0,0,0,0,p
207,207,26,s44,0,0,0,0,0,0,0,0,0,0,anaya.bless.0.8.sent,anaya.bless.0.8.sents44,0,0,1,0,0,1,p
208,208,26,s47,0,0,0,0,0,0,0,0,1,0,anaya.bless.0.8.sent,anaya.bless.0.8.sents47,0,1,0,0,1,0,p
209,209,26,s48,0,0,0,1,0,0,0,0,1,2,anaya.bless.0.8.sent,anaya.bless.0.8.sents48,0,0,0,0,0,0,p
210,210,27,s1,0,0,0,0,0,0,0,0,0,0,angelou.iknow.0.4.sent,angelou.iknow.0.4.sents1,1,0,4,1,0,4,p
211,211,27,s3,0,0,0,1,0,0,0,0,0,0,angelou.iknow.0.4.sent,angelou.iknow.0.4.sents3,0,2,2,0,2,2,p
212,212,27,s7,0,0,0,0,0,0,0,0,0,0,angelou.iknow.0.4.sent,angelou.iknow.0.4.sents7,0,0,0,0,0,0,p
213,213,27,s10,0,0,0,0,0,0,0,0,0,0,angelou.iknow.0.4.sent,angelou.iknow.0.4.sents10,0,0,2,0,0,1,p
214,214,27,s16,0,0,0,1,0,0,0,0,0,1,angelou.iknow.0.4.sent,angelou.iknow.0.4.sents16,0,0,0,0,0,0,p
215,215,27,s18,0,0,0,0,0,0,0,0,1,1,angelou.iknow.0.4.sent,angelou.iknow.0.4.sents18,0,1,0,0,1,0,p
216,216,28,s2,0,0,0,0,0,0,0,0,0,0,angelou.iknow.2.4.sent,angelou.iknow.2.4.sents2,0,0,0,0,0,0,p
217,217,28,s9,0,0,0,0,0,0,0,0,0,0,angelou.iknow.2.4.sent,angelou.iknow.2.4.sents9,0,0,0,0,0,0,p
218,218,28,s18,0,0,0,0,0,0,0,0,0,0,angelou.iknow.2.4.sent,angelou.iknow.2.4.sents18,0,1,0,0,0,0,p
219,219,28,s19,0,0,0,0,0,0,2,0,0,0,angelou.iknow.2.4.sent,angelou.iknow.2.4.sents19,0,0,0,0,0,0,p
220,220,28,s28,0,0,0,0,0,0,0,1,0,1,angelou.iknow.2.4.sent,angelou.iknow.2.4.sents28,0,1,0,0,1,0,p
221,221,29,s2,0,0,0,0,0,0,0,0,0,0,anouilh.antigone.0.1.sent,anouilh.antigone.0.1.sents2,1,0,1,0,0,0,p
222,222,29,s3,0,0,0,0,0,0,0,0,0,0,anouilh.antigone.0.1.sent,anouilh.antigone.0.1.sents3,0,0,0,0,0,0,p
223,223,29,s9,0,0,0,0,0,0,0,0,0,0,anouilh.antigone.0.1.sent,anouilh.antigone.0.1.sents9,0,0,2,0,0,2,p
224,224,29,s18,0,0,0,0,0,0,0,0,0,0,anouilh.antigone.0.1.sent,anouilh.antigone.0.1.sents18,0,0,0,0,0,0,p
225,225,29,s20,0,0,0,0,0,0,0,0,0,0,anouilh.antigone.0.1.sent,anouilh.antigone.0.1.sents20,0,0,0,0,0,0,p
226,226,29,s21,0,0,0,0,0,0,0,0,0,0,anouilh.antigone.0.1.sent,anouilh.antigone.0.1.sents21,0,0,0,0,0,0,n
227,227,29,s25,0,0,0,0,0,0,0,0,0,1,anouilh.antigone.0.1.sent,anouilh.antigone.0.1.sents25,0,0,0,0,0,0,n
228,228,29,s68,0,0,0,0,2,0,0,0,0,0,anouilh.antigone.0.1.sent,anouilh.antigone.0.1.sents68,0,0,0,0,0,0,p
229,229,29,s70,0,0,1,0,0,0,0,0,1,0,anouilh.antigone.0.1.sent,anouilh.antigone.0.1.sents70,1,0,0,1,0,0,p
230,230,30,s20,0,0,0,0,0,0,0,0,0,0,anouilh.antigone.0.2.sent,anouilh.antigone.0.2.sents20,0,0,0,0,0,0,p
231,231,30,s36,0,0,0,0,0,0,0,0,0,0,anouilh.antigone.0.2.sent,anouilh.antigone.0.2.sents36,0,0,0,0,0,0,p
232,232,30,s38,0,0,0,0,0,1,0,0,1,2,anouilh.antigone.0.2.sent,anouilh.antigone.0.2.sents38,0,0,0,0,0,0,p
233,233,30,s40,0,0,0,0,0,0,0,0,0,0,anouilh.antigone.0.2.sent,anouilh.antigone.0.2.sents40,0,0,1,0,0,1,n
234,234,30,s44,0,0,1,0,0,0,0,0,1,0,anouilh.antigone.0.2.sent,anouilh.antigone.0.2.sents44,0,0,0,0,0,0,n
235,235,30,s45,0,0,0,0,0,0,0,0,0,0,anouilh.antigone.0.2.sent,anouilh.antigone.0.2.sents45,0,1,0,0,1,0,n
236,236,30,s46,0,0,0,0,0,0,0,1,0,0,anouilh.antigone.0.2.sent,anouilh.antigone.0.2.sents46,0,1,0,0,1,0,n
237,237,30,s47,0,0,0,0,0,0,0,0,0,0,anouilh.antigone.0.2.sent,anouilh.antigone.0.2.sents47,1,0,0,1,0,0,n
238,238,30,s49,0,0,0,0,0,0,0,0,0,1,anouilh.antigone.0.2.sent,anouilh.antigone.0.2.sents49,0,0,0,0,0,0,n
239,239,30,s51,0,0,1,0,0,0,0,0,1,0,anouilh.antigone.0.2.sent,anouilh.antigone.0.2.sents51,0,0,0,0,0,0,n
240,240,30,s52,0,0,0,0,0,0,0,1,0,1,anouilh.antigone.0.2.sent,anouilh.antigone.0.2.sents52,0,0,0,0,0,0,n
241,241,30,s54,0,0,0,0,0,0,0,0,0,0,anouilh.antigone.0.2.sent,anouilh.antigone.0.2.sents54,0,0,0,0,0,0,n
242,242,30,s64,0,0,0,0,0,0,0,0,0,0,anouilh.antigone.0.2.sent,anouilh.antigone.0.2.sents64,1,0,0,0,0,0,n
243,243,30,s66,0,0,1,0,0,0,0,0,1,0,anouilh.antigone.0.2.sent,anouilh.antigone.0.2.sents66,0,0,0,0,0,0,n
244,244,30,s71,0,0,0,1,0,1,0,0,0,2,anouilh.antigone.0.2.sent,anouilh.antigone.0.2.sents71,0,0,0,0,0,0,n
245,245,31,s2,0,0,0,0,0,0,0,0,0,0,anouilh.antigone.0.3.sent,anouilh.antigone.0.3.sents2,1,0,1,0,0,0,p
246,246,31,s3,0,0,0,0,0,0,0,0,0,0,anouilh.antigone.0.3.sent,anouilh.antigone.0.3.sents3,0,0,0,0,0,0,p
247,247,31,s22,0,0,0,0,0,0,0,0,0,0,anouilh.antigone.0.3.sent,anouilh.antigone.0.3.sents22,0,0,0,0,0,0,p
248,248,31,s64,0,0,0,0,0,0,0,0,0,0,anouilh.antigone.0.3.sent,anouilh.antigone.0.3.sents64,1,0,0,0,0,0,p
249,249,31,s89,0,0,0,0,0,0,0,0,0,0,anouilh.antigone.0.3.sent,anouilh.antigone.0.3.sents89,0,0,0,0,0,0,p
250,250,31,s92,0,1,0,1,0,0,0,0,0,1,anouilh.antigone.0.3.sent,anouilh.antigone.0.3.sents92,0,1,0,0,1,0,p
251,251,31,s93,0,0,0,0,0,1,0,0,0,1,anouilh.antigone.0.3.sent,anouilh.antigone.0.3.sents93,0,0,0,0,0,0,p
252,252,32,s18,0,0,0,0,0,0,0,0,0,0,any.ask.1.5.sent,any.ask.1.5.sents18,1,0,0,1,0,0,p
253,253,32,s20,0,0,0,0,0,0,0,0,0,0,any.ask.1.5.sent,any.ask.1.5.sents20,0,1,1,0,1,1,p
254,254,32,s21,0,0,0,0,0,0,0,0,0,0,any.ask.1.5.sent,any.ask.1.5.sents21,1,0,0,1,0,0,p
255,255,32,s23,0,0,0,0,0,0,0,0,1,0,any.ask.1.5.sent,any.ask.1.5.sents23,1,0,0,0,0,0,p
256,256,32,s24,0,0,0,0,0,0,0,0,0,0,any.ask.1.5.sent,any.ask.1.5.sents24,1,0,0,1,0,0,p
257,257,32,s25,0,0,0,0,0,0,0,0,0,0,any.ask.1.5.sent,any.ask.1.5.sents25,0,0,0,0,0,0,p
258,258,32,s26,0,0,0,0,0,0,0,0,1,0,any.ask.1.5.sent,any.ask.1.5.sents26,1,0,0,0,0,0,p
259,259,32,s28,0,0,1,0,0,0,0,0,2,0,any.ask.1.5.sent,any.ask.1.5.sents28,0,0,0,0,0,0,p
260,260,32,s37,0,0,0,0,0,0,0,0,0,0,any.ask.1.5.sent,any.ask.1.5.sents37,0,0,0,0,0,0,p
261,261,32,s38,0,0,0,0,0,0,0,0,0,0,any.ask.1.5.sent,any.ask.1.5.sents38,0,1,0,0,1,0,p
262,262,33,s58,0,0,0,0,0,0,0,0,0,0,any.ask.5.8.sent,any.ask.5.8.sents58,0,0,2,0,0,2,p
263,263,33,s59,0,0,0,0,0,0,0,0,0,0,any.ask.5.8.sent,any.ask.5.8.sents59,0,0,1,0,0,1,p
264,264,33,s60,0,0,0,0,0,0,0,0,0,0,any.ask.5.8.sent,any.ask.5.8.sents60,1,0,0,1,0,0,p
265,265,33,s63,0,0,0,0,0,0,0,0,0,0,any.ask.5.8.sent,any.ask.5.8.sents63,1,0,0,1,0,0,p
266,266,33,s64,0,0,0,0,0,0,0,0,0,0,any.ask.5.8.sent,any.ask.5.8.sents64,0,0,0,0,0,0,p
267,267,33,s75,0,0,0,0,0,0,0,0,1,0,any.ask.5.8.sent,any.ask.5.8.sents75,0,0,1,0,0,1,p
268,268,33,s80,0,0,0,0,0,0,0,0,1,0,any.ask.5.8.sent,any.ask.5.8.sents80,2,0,0,2,0,0,p
269,269,33,s81,0,0,0,0,0,0,0,0,1,0,any.ask.5.8.sent,any.ask.5.8.sents81,2,1,0,2,1,0,p
270,270,34,s19,0,0,0,0,0,0,0,0,0,0,aristophanes.clouds.0.1.sent,aristophanes.clouds.0.1.sents19,0,0,0,0,0,0,p
271,271,34,s20,0,0,0,1,0,0,0,0,0,1,aristophanes.clouds.0.1.sent,aristophanes.clouds.0.1.sents20,0,1,0,0,1,0,p
272,272,34,s26,0,0,1,0,0,0,0,0,1,0,aristophanes.clouds.0.1.sent,aristophanes.clouds.0.1.sents26,1,1,0,1,1,0,p
273,273,34,s36,0,0,0,0,0,0,0,0,0,0,aristophanes.clouds.0.1.sent,aristophanes.clouds.0.1.sents36,0,0,0,0,0,0,p
274,274,34,s37,0,0,0,1,0,0,0,0,0,1,aristophanes.clouds.0.1.sent,aristophanes.clouds.0.1.sents37,2,0,0,2,0,0,p
275,275,35,s0,0,0,0,0,0,0,0,0,0,0,aristophanes.clouds.0.2.sent,aristophanes.clouds.0.2.sents0,0,1,1,0,1,1,n
276,276,35,s3,0,0,0,0,0,0,0,0,0,0,aristophanes.clouds.0.2.sent,aristophanes.clouds.0.2.sents3,0,0,0,0,0,0,n
277,277,35,s4,0,0,0,0,0,0,0,0,0,1,aristophanes.clouds.0.2.sent,aristophanes.clouds.0.2.sents4,0,0,0,0,0,0,n
278,278,35,s19,0,0,0,0,0,0,0,0,0,0,aristophanes.clouds.0.2.sent,aristophanes.clouds.0.2.sents19,0,0,0,0,0,0,n
279,279,35,s24,0,0,0,0,0,0,0,0,0,0,aristophanes.clouds.0.2.sent,aristophanes.clouds.0.2.sents24,1,1,0,1,1,0,n
280,280,35,s25,0,0,0,0,0,0,0,0,0,0,aristophanes.clouds.0.2.sent,aristophanes.clouds.0.2.sents25,1,0,0,1,0,0,p
281,281,35,s34,0,0,0,0,0,1,0,0,0,1,aristophanes.clouds.0.2.sent,aristophanes.clouds.0.2.sents34,0,1,0,0,1,0,p
282,282,35,s37,0,0,0,1,0,0,0,0,0,1,aristophanes.clouds.0.2.sent,aristophanes.clouds.0.2.sents37,2,0,0,1,0,0,p
283,283,36,s5,0,0,0,0,0,0,0,0,0,0,aristophanes.clouds.1.2.sent,aristophanes.clouds.1.2.sents5,1,0,0,1,0,0,p
284,284,36,s7,0,0,0,0,0,0,0,0,0,0,aristophanes.clouds.1.2.sent,aristophanes.clouds.1.2.sents7,0,0,0,0,0,0,p
285,285,36,s9,0,0,0,0,0,0,0,0,0,0,aristophanes.clouds.1.2.sent,aristophanes.clouds.1.2.sents9,0,0,0,0,0,0,p
286,286,36,s10,0,0,0,0,0,0,0,0,1,0,aristophanes.clouds.1.2.sent,aristophanes.clouds.1.2.sents10,0,0,0,0,0,0,p
287,287,36,s11,0,0,0,0,0,0,0,0,0,0,aristophanes.clouds.1.2.sent,aristophanes.clouds.1.2.sents11,0,0,0,0,0,0,p
288,288,36,s14,0,0,0,0,0,0,0,0,0,0,aristophanes.clouds.1.2.sent,aristophanes.clouds.1.2.sents14,0,0,0,0,0,0,p
289,289,36,s15,0,0,0,0,0,0,0,0,0,0,aristophanes.clouds.1.2.sent,aristophanes.clouds.1.2.sents15,0,0,0,0,0,0,p
290,290,36,s16,0,0,1,0,1,0,0,0,1,0,aristophanes.clouds.1.2.sent,aristophanes.clouds.1.2.sents16,0,0,0,0,0,0,p
291,291,36,s18,0,0,0,0,0,0,0,0,0,0,aristophanes.clouds.1.2.sent,aristophanes.clouds.1.2.sents18,0,0,1,0,0,1,p
292,292,36,s19,0,0,0,0,0,0,0,0,0,0,aristophanes.clouds.1.2.sent,aristophanes.clouds.1.2.sents19,0,0,0,0,0,0,p
293,293,36,s27,0,0,0,0,0,0,0,0,0,0,aristophanes.clouds.1.2.sent,aristophanes.clouds.1.2.sents27,0,0,1,0,0,1,p
294,294,36,s29,0,0,0,0,0,1,0,0,0,0,aristophanes.clouds.1.2.sent,aristophanes.clouds.1.2.sents29,0,0,0,0,0,0,p
295,295,36,s30,0,0,0,0,0,0,0,0,0,0,aristophanes.clouds.1.2.sent,aristophanes.clouds.1.2.sents30,0,0,0,0,0,0,p
296,296,36,s31,0,0,0,0,0,1,0,0,0,0,aristophanes.clouds.1.2.sent,aristophanes.clouds.1.2.sents31,0,0,0,0,0,0,p
297,297,36,s33,0,0,0,0,0,0,0,0,0,1,aristophanes.clouds.1.2.sent,aristophanes.clouds.1.2.sents33,0,0,0,0,0,0,p
298,298,36,s37,0,0,0,1,0,0,0,0,0,1,aristophanes.clouds.1.2.sent,aristophanes.clouds.1.2.sents37,2,0,0,1,0,0,p
299,299,36,s38,0,0,0,1,0,1,0,0,0,3,aristophanes.clouds.1.2.sent,aristophanes.clouds.1.2.sents38,0,0,0,0,0,0,p
300,300,36,s39,0,0,0,0,0,0,0,0,0,0,aristophanes.clouds.1.2.sent,aristophanes.clouds.1.2.sents39,0,0,0,0,0,0,n
301,301,37,s12,0,0,0,0,0,0,0,0,0,0,austen.emma.0.3.sent,austen.emma.0.3.sents12,0,0,2,0,0,2,p
302,302,37,s21,0,0,0,0,0,0,0,0,0,0,austen.emma.0.3.sent,austen.emma.0.3.sents21,1,0,0,0,0,0,p
303,303,37,s24,0,0,0,0,0,0,0,1,0,0,austen.emma.0.3.sent,austen.emma.0.3.sents24,2,0,0,1,0,0,p
304,304,37,s25,0,0,0,0,0,1,0,1,0,1,austen.emma.0.3.sent,austen.emma.0.3.sents25,0,0,0,0,0,0,p
305,305,37,s26,1,1,2,1,0,0,0,0,1,0,austen.emma.0.3.sent,austen.emma.0.3.sents26,2,1,1,0,0,0,p
306,306,37,s29,0,0,0,0,0,1,0,0,0,1,austen.emma.0.3.sent,austen.emma.0.3.sents29,0,0,0,0,0,0,p
307,307,37,s31,0,0,0,1,0,0,0,0,0,0,austen.emma.0.3.sent,austen.emma.0.3.sents31,1,0,0,1,0,0,p
308,308,38,s6,0,0,0,0,0,0,0,0,0,0,austen.emma.3.4.sent,austen.emma.3.4.sents6,1,0,1,1,0,1,p
309,309,38,s8,0,0,0,0,0,0,0,0,0,0,austen.emma.3.4.sent,austen.emma.3.4.sents8,1,1,0,0,0,0,n
310,310,38,s19,0,1,0,0,0,0,0,0,1,0,austen.emma.3.4.sent,austen.emma.3.4.sents19,1,0,0,0,0,0,n
311,311,38,s20,0,0,0,0,0,0,0,1,2,0,austen.emma.3.4.sent,austen.emma.3.4.sents20,0,0,0,0,0,0,n
312,312,38,s22,0,0,0,0,0,0,0,0,0,0,austen.emma.3.4.sent,austen.emma.3.4.sents22,2,0,0,0,0,0,p
313,313,38,s25,0,0,0,0,0,1,0,0,0,2,austen.emma.3.4.sent,austen.emma.3.4.sents25,0,0,0,0,0,0,p
314,314,38,s26,0,0,1,1,1,0,0,0,2,0,austen.emma.3.4.sent,austen.emma.3.4.sents26,2,1,1,0,0,0,n
315,315,38,s27,0,0,0,1,0,0,0,0,0,0,austen.emma.3.4.sent,austen.emma.3.4.sents27,0,0,0,0,0,0,n
316,316,38,s31,0,0,0,1,0,0,0,0,0,0,austen.emma.3.4.sent,austen.emma.3.4.sents31,1,0,0,1,0,0,n
317,317,38,s33,0,0,0,0,0,0,0,0,1,0,austen.emma.3.4.sent,austen.emma.3.4.sents33,2,1,0,1,1,0,p
318,318,38,s34,0,0,0,0,0,0,1,0,3,0,austen.emma.3.4.sent,austen.emma.3.4.sents34,2,0,0,2,0,0,p
319,319,38,s36,0,0,0,0,0,0,0,0,0,0,austen.emma.3.4.sent,austen.emma.3.4.sents36,2,0,0,1,0,0,p
320,320,39,s2,0,0,0,0,0,0,1,0,1,0,austen.emma.3.5.sent,austen.emma.3.5.sents2,2,0,0,1,0,0,p
321,321,39,s3,0,0,0,0,0,0,0,1,0,0,austen.emma.3.5.sent,austen.emma.3.5.sents3,1,1,0,1,0,0,p
322,322,39,s4,0,0,1,0,0,0,0,0,1,0,austen.emma.3.5.sent,austen.emma.3.5.sents4,0,0,0,0,0,0,p
323,323,39,s5,0,0,0,0,0,0,0,0,0,1,austen.emma.3.5.sent,austen.emma.3.5.sents5,1,0,0,1,0,0,p
324,324,39,s9,0,0,0,1,0,0,0,0,0,0,austen.emma.3.5.sent,austen.emma.3.5.sents9,1,1,0,0,1,0,p
325,325,39,s10,0,0,0,0,0,0,1,0,1,0,austen.emma.3.5.sent,austen.emma.3.5.sents10,2,0,1,0,0,0,p
326,326,39,s21,0,0,0,0,0,0,0,0,0,0,austen.emma.3.5.sent,austen.emma.3.5.sents21,1,0,0,0,0,0,p
327,327,39,s22,0,0,0,0,0,0,0,0,1,0,austen.emma.3.5.sent,austen.emma.3.5.sents22,2,0,0,0,0,0,p
328,328,39,s24,0,0,0,0,0,1,0,0,0,0,austen.emma.3.5.sent,austen.emma.3.5.sents24,2,0,0,1,0,0,p
329,329,39,s31,0,0,0,1,0,0,0,1,0,2,austen.emma.3.5.sent,austen.emma.3.5.sents31,1,0,0,1,0,0,p
330,330,39,s33,0,0,0,0,0,0,0,0,0,1,austen.emma.3.5.sent,austen.emma.3.5.sents33,2,1,0,1,1,0,p
331,331,39,s34,0,0,0,0,0,0,1,0,1,0,austen.emma.3.5.sent,austen.emma.3.5.sents34,2,0,0,0,0,0,p
332,332,39,s35,0,0,1,0,1,0,0,0,1,0,austen.emma.3.5.sent,austen.emma.3.5.sents35,0,0,0,0,0,0,p
333,333,39,s36,0,0,0,0,0,0,0,0,0,0,austen.emma.3.5.sent,austen.emma.3.5.sents36,2,0,0,1,0,0,p
334,334,40,s17,0,0,0,1,0,0,0,0,2,1,austen.emma.3.8.sent,austen.emma.3.8.sents17,0,1,0,0,1,0,n
335,335,40,s19,0,1,0,0,0,0,0,0,1,0,austen.emma.3.8.sent,austen.emma.3.8.sents19,1,0,0,1,0,0,n
336,336,40,s25,0,0,0,0,0,1,0,1,0,1,austen.emma.3.8.sent,austen.emma.3.8.sents25,0,0,0,0,0,0,n
337,337,40,s26,0,0,2,1,0,0,0,0,1,2,austen.emma.3.8.sent,austen.emma.3.8.sents26,2,1,1,0,0,1,n
338,338,40,s29,0,0,0,0,0,0,0,0,1,0,austen.emma.3.8.sent,austen.emma.3.8.sents29,0,0,0,0,0,0,n
339,339,41,s7,0,0,0,0,0,0,0,0,1,0,austen.emma.4.5.sent,austen.emma.4.5.sents7,1,0,0,0,0,0,p
340,340,41,s22,0,1,0,0,0,0,0,0,1,0,austen.emma.4.5.sent,austen.emma.4.5.sents22,2,0,0,0,0,0,p
341,341,41,s31,0,0,0,1,0,0,0,1,0,1,austen.emma.4.5.sent,austen.emma.4.5.sents31,1,0,0,0,0,0,p
342,342,41,s32,0,0,1,0,0,0,0,0,1,0,austen.emma.4.5.sent,austen.emma.4.5.sents32,0,0,0,0,0,0,p
343,343,41,s33,0,0,0,0,0,0,0,0,1,1,austen.emma.4.5.sent,austen.emma.4.5.sents33,2,1,0,0,0,0,p
344,344,41,s34,0,0,1,0,0,0,0,0,2,0,austen.emma.4.5.sent,austen.emma.4.5.sents34,2,0,0,2,0,0,p
345,345,41,s36,0,0,0,0,0,0,0,0,0,0,austen.emma.4.5.sent,austen.emma.4.5.sents36,2,0,0,1,0,0,p
346,346,42,s35,0,0,0,0,1,0,0,0,2,0,beckett.endgame.0.1.sent,beckett.endgame.0.1.sents35,0,0,0,0,0,0,p
347,347,42,s38,0,0,0,0,0,0,0,0,0,0,beckett.endgame.0.1.sent,beckett.endgame.0.1.sents38,0,0,0,0,0,0,p
348,348,42,s39,0,0,0,0,0,0,0,0,1,0,beckett.endgame.0.1.sent,beckett.endgame.0.1.sents39,0,0,0,0,0,0,p
349,349,42,s80,0,0,0,0,0,0,0,0,0,1,beckett.endgame.0.1.sent,beckett.endgame.0.1.sents80,1,1,0,1,1,0,p
350,350,42,s85,0,0,0,0,0,0,0,0,0,0,beckett.endgame.0.1.sent,beckett.endgame.0.1.sents85,0,0,0,0,0,0,p
351,351,43,s31,0,0,1,0,0,0,0,0,0,0,chopin.awakening.2.6.sent,chopin.awakening.2.6.sents31,0,0,0,0,0,0,p
352,352,43,s32,0,0,0,0,0,0,0,0,0,0,chopin.awakening.2.6.sent,chopin.awakening.2.6.sents32,0,0,0,0,0,0,p
353,353,43,s34,0,0,0,0,0,0,0,0,0,0,chopin.awakening.2.6.sent,chopin.awakening.2.6.sents34,0,0,0,0,0,0,p
354,354,43,s35,0,0,0,0,0,0,1,0,0,1,chopin.awakening.2.6.sent,chopin.awakening.2.6.sents35,2,0,0,2,0,0,p
355,355,43,s51,0,0,0,0,0,0,0,0,1,0,chopin.awakening.2.6.sent,chopin.awakening.2.6.sents51,1,0,1,0,0,1,p
356,356,44,s0,0,0,1,0,0,0,0,0,0,0,churchill.cloud.4.10.sent,churchill.cloud.4.10.sents0,1,0,3,0,0,2,p
357,357,44,s3,0,0,1,0,0,0,0,0,0,0,churchill.cloud.4.10.sent,churchill.cloud.4.10.sents3,0,0,0,0,0,0,p
358,358,44,s4,0,0,0,0,0,0,0,0,0,1,churchill.cloud.4.10.sent,churchill.cloud.4.10.sents4,0,0,0,0,0,0,p
359,359,44,s22,0,0,0,1,0,0,0,0,0,0,churchill.cloud.4.10.sent,churchill.cloud.4.10.sents22,0,0,0,0,0,0,p
360,360,44,s23,0,0,1,0,0,0,0,0,1,0,churchill.cloud.4.10.sent,churchill.cloud.4.10.sents23,2,0,0,2,0,0,p
361,361,44,s30,0,0,1,0,0,0,0,0,1,1,churchill.cloud.4.10.sent,churchill.cloud.4.10.sents30,1,1,0,0,0,0,n
362,362,44,s37,0,0,0,0,0,0,0,0,0,0,churchill.cloud.4.10.sent,churchill.cloud.4.10.sents37,0,0,0,0,0,0,n
363,363,45,s2,0,0,0,0,0,0,0,0,0,0,cooper.last.4.7.sent,cooper.last.4.7.sents2,0,0,2,0,0,0,p
364,364,45,s8,0,0,1,0,0,0,0,0,0,0,cooper.last.4.7.sent,cooper.last.4.7.sents8,0,0,0,0,0,0,p
365,365,45,s10,0,0,1,0,0,0,0,0,0,0,cooper.last.4.7.sent,cooper.last.4.7.sents10,1,1,0,0,0,0,p
366,366,45,s14,0,0,0,0,0,0,0,0,0,0,cooper.last.4.7.sent,cooper.last.4.7.sents14,0,1,1,0,1,1,p
367,367,45,s18,0,0,0,1,0,0,0,0,0,0,cooper.last.4.7.sent,cooper.last.4.7.sents18,1,0,0,1,0,0,p
368,368,45,s20,0,0,0,0,0,0,0,0,0,0,cooper.last.4.7.sent,cooper.last.4.7.sents20,0,1,0,0,0,0,p
369,369,45,s22,0,0,0,0,0,0,0,0,0,0,cooper.last.4.7.sent,cooper.last.4.7.sents22,0,1,0,0,1,0,p
370,370,46,s27,0,0,0,0,0,0,0,0,0,0,dickens.bleak.11.17.sent,dickens.bleak.11.17.sents27,2,0,0,2,0,0,p
371,371,46,s43,0,0,0,0,0,0,0,0,0,0,dickens.bleak.11.17.sent,dickens.bleak.11.17.sents43,1,0,0,0,0,0,p
372,372,46,s46,0,0,0,0,0,0,0,1,0,1,dickens.bleak.11.17.sent,dickens.bleak.11.17.sents46,0,0,2,0,0,1,p
373,373,46,s63,0,0,0,1,0,0,0,0,0,0,dickens.bleak.11.17.sent,dickens.bleak.11.17.sents63,0,1,1,0,1,1,p
374,374,46,s73,0,0,0,0,0,0,0,0,0,0,dickens.bleak.11.17.sent,dickens.bleak.11.17.sents73,0,0,0,0,0,0,p
375,375,46,s101,0,0,0,0,0,0,0,0,1,0,dickens.bleak.11.17.sent,dickens.bleak.11.17.sents101,0,0,0,0,0,0,p
376,376,47,s13,0,0,0,0,0,0,0,0,0,0,dickens.david.10.15.sent,dickens.david.10.15.sents13,1,0,3,1,0,1,p
377,377,47,s14,0,0,0,0,0,0,0,0,0,0,dickens.david.10.15.sent,dickens.david.10.15.sents14,1,0,0,0,0,0,p
378,378,47,s15,0,0,0,0,0,0,0,0,0,0,dickens.david.10.15.sent,dickens.david.10.15.sents15,0,0,0,0,0,0,p
379,379,47,s23,0,0,0,0,0,0,0,0,0,0,dickens.david.10.15.sent,dickens.david.10.15.sents23,1,0,0,1,0,0,p
380,380,47,s34,0,0,0,0,0,0,0,1,0,0,dickens.david.10.15.sent,dickens.david.10.15.sents34,0,0,0,0,0,0,p
381,381,48,s27,0,0,0,0,0,0,0,0,2,0,lee.inherit.0.2.sent,lee.inherit.0.2.sents27,1,1,0,1,1,0,p
382,382,48,s32,0,0,1,1,0,0,1,0,4,1,lee.inherit.0.2.sent,lee.inherit.0.2.sents32,1,1,0,0,0,0,p
383,383,48,s47,0,0,0,0,0,0,0,0,0,0,lee.inherit.0.2.sent,lee.inherit.0.2.sents47,0,0,0,0,0,0,p
384,384,48,s66,0,0,0,0,0,0,0,0,0,0,lee.inherit.0.2.sent,lee.inherit.0.2.sents66,0,0,0,0,0,0,p
385,385,48,s80,0,0,0,1,0,0,0,0,0,0,lee.inherit.0.2.sent,lee.inherit.0.2.sents80,2,0,0,1,0,0,p
386,386,49,s8,0,0,0,0,0,0,0,0,0,0,twain.tomsawyer.2.3.sent,twain.tomsawyer.2.3.sents8,0,1,1,0,0,0,p
387,387,49,s10,0,0,0,0,0,0,0,0,0,0,twain.tomsawyer.2.3.sent,twain.tomsawyer.2.3.sents10,2,0,0,2,0,0,p
388,388,49,s13,0,0,0,0,0,0,0,0,0,0,twain.tomsawyer.2.3.sent,twain.tomsawyer.2.3.sents13,1,0,0,1,0,0,p
389,389,49,s17,0,0,0,0,0,0,0,0,0,0,twain.tomsawyer.2.3.sent,twain.tomsawyer.2.3.sents17,1,0,0,1,0,0,p
390,390,49,s22,0,0,0,0,0,0,0,0,0,0,twain.tomsawyer.2.3.sent,twain.tomsawyer.2.3.sents22,0,0,0,0,0,0,p
391,391,49,s26,0,0,0,0,0,0,0,0,0,0,twain.tomsawyer.2.3.sent,twain.tomsawyer.2.3.sents26,1,0,0,1,0,0,p
392,392,49,s28,0,0,0,0,0,0,0,0,0,0,twain.tomsawyer.2.3.sent,twain.tomsawyer.2.3.sents28,0,0,0,0,0,0,p
393,393,49,s41,0,0,0,0,0,0,0,0,0,0,twain.tomsawyer.2.3.sent,twain.tomsawyer.2.3.sents41,0,0,0,0,0,0,p
394,394,49,s42,0,0,2,0,0,0,1,0,2,0,twain.tomsawyer.2.3.sent,twain.tomsawyer.2.3.sents42,3,0,0,2,0,0,p
395,395,50,s6,0,0,0,0,0,0,0,0,0,0,twain.tomsawyer.2.4.sent,twain.tomsawyer.2.4.sents6,2,0,0,2,0,0,p
396,396,50,s7,0,0,0,1,0,0,0,0,0,0,twain.tomsawyer.2.4.sent,twain.tomsawyer.2.4.sents7,0,0,0,0,0,0,n
397,397,50,s8,0,0,0,0,0,0,0,0,0,0,twain.tomsawyer.2.4.sent,twain.tomsawyer.2.4.sents8,0,1,1,0,0,0,n
398,398,50,s19,0,0,1,0,0,0,0,0,2,1,twain.tomsawyer.2.4.sent,twain.tomsawyer.2.4.sents19,0,0,0,0,0,0,p
399,399,50,s30,0,0,0,0,0,0,0,0,0,0,twain.tomsawyer.2.4.sent,twain.tomsawyer.2.4.sents30,1,0,0,1,0,0,p
400,400,50,s34,0,0,0,1,0,0,0,0,0,0,twain.tomsawyer.2.4.sent,twain.tomsawyer.2.4.sents34,0,0,0,0,0,0,p
401,401,50,s36,0,0,0,0,0,0,0,0,0,0,twain.tomsawyer.2.4.sent,twain.tomsawyer.2.4.sents36,0,0,0,0,0,0,p
402,402,51,s2,0,0,0,0,0,0,0,0,0,0,bradbury.dandelion.0.3.sent,bradbury.dandelion.0.3.sents2,0,0,2,0,0,2,p
403,403,51,s12,0,0,0,0,0,0,0,0,0,0,bradbury.dandelion.0.3.sent,bradbury.dandelion.0.3.sents12,0,0,1,0,0,1,p
404,404,51,s18,0,0,0,0,0,0,0,0,0,0,bradbury.dandelion.0.3.sent,bradbury.dandelion.0.3.sents18,0,0,2,0,0,2,p
405,405,51,s19,0,0,0,0,0,0,0,0,0,0,bradbury.dandelion.0.3.sent,bradbury.dandelion.0.3.sents19,0,0,0,0,0,0,p
406,406,51,s30,0,0,0,0,0,0,0,0,0,0,bradbury.dandelion.0.3.sent,bradbury.dandelion.0.3.sents30,0,0,0,0,0,0,p
409,409,52,s10,0,0,0,0,0,1,0,0,0,1,bradbury.fahrenheit.0.2.sent,bradbury.fahrenheit.0.2.sents10,0,0,0,0,0,0,p
412,412,52,s30,0,0,0,0,0,0,0,0,0,0,bradbury.fahrenheit.0.2.sent,bradbury.fahrenheit.0.2.sents30,0,0,0,0,0,0,n
413,413,52,s34,0,0,0,0,0,0,0,0,0,0,bradbury.fahrenheit.0.2.sent,bradbury.fahrenheit.0.2.sents34,0,1,0,0,1,0,n
414,414,52,s35,0,0,0,0,0,0,0,0,0,0,bradbury.fahrenheit.0.2.sent,bradbury.fahrenheit.0.2.sents35,0,1,0,0,1,0,n
415,415,52,s37,0,0,0,0,0,1,0,0,0,0,bradbury.fahrenheit.0.2.sent,bradbury.fahrenheit.0.2.sents37,0,1,0,0,1,0,n
416,416,53,s33,0,0,0,0,0,0,0,0,0,0,bronte.jane.1.6.sent,bronte.jane.1.6.sents33,1,0,0,0,0,0,p
417,417,53,s34,0,0,0,0,0,0,0,0,0,0,bronte.jane.1.6.sent,bronte.jane.1.6.sents34,0,0,0,0,0,0,p
418,418,53,s38,0,0,0,0,0,0,0,0,0,0,bronte.jane.1.6.sent,bronte.jane.1.6.sents38,2,0,0,2,0,0,p
422,422,54,s24,0,0,0,0,0,0,0,0,0,0,bronte.jane.2.5.sent,bronte.jane.2.5.sents24,1,0,1,1,0,1,p
423,423,54,s25,0,0,0,0,0,0,0,0,0,0,bronte.jane.2.5.sent,bronte.jane.2.5.sents25,1,0,0,1,0,0,p
433,433,55,s48,0,0,0,0,0,0,0,0,0,0,butler.kindred.0.5.sent,butler.kindred.0.5.sents48,0,0,0,0,0,0,n
438,438,56,s1,0,0,0,0,0,0,0,0,0,0,butler.kindred.1.5.sent,butler.kindred.1.5.sents1,1,0,0,1,0,0,p
440,440,56,s22,0,0,0,0,0,0,0,0,0,0,butler.kindred.1.5.sent,butler.kindred.1.5.sents22,0,1,0,0,1,0,p
441,441,56,s26,0,0,0,0,0,0,0,0,0,0,butler.kindred.1.5.sent,butler.kindred.1.5.sents26,0,0,0,0,0,0,p
442,442,56,s28,0,0,0,0,0,0,0,0,0,0,butler.kindred.1.5.sent,butler.kindred.1.5.sents28,0,0,0,0,0,0,p
444,444,56,s37,0,0,0,1,0,0,0,0,0,0,butler.kindred.1.5.sent,butler.kindred.1.5.sents37,0,0,0,0,0,0,p
445,445,56,s59,0,0,0,0,0,0,0,0,0,0,butler.kindred.1.5.sent,butler.kindred.1.5.sents59,0,1,0,0,0,0,n
446,446,56,s60,0,0,0,0,0,0,0,0,0,0,butler.kindred.1.5.sent,butler.kindred.1.5.sents60,0,0,0,0,0,0,p
449,449,57,s10,0,0,0,0,0,0,0,0,0,0,capote.incold.0.1.sent,capote.incold.0.1.sents10,0,0,0,0,0,0,p
450,450,57,s13,0,0,0,0,0,0,0,0,0,0,capote.incold.0.1.sent,capote.incold.0.1.sents13,1,0,0,1,0,0,p
451,451,57,s21,0,0,0,0,0,0,0,0,0,0,capote.incold.0.1.sent,capote.incold.0.1.sents21,0,0,0,0,0,0,p
452,452,57,s24,0,0,0,1,0,0,0,0,0,0,capote.incold.0.1.sent,capote.incold.0.1.sents24,0,0,0,0,0,0,p
454,454,57,s28,0,0,0,0,0,0,0,0,0,0,capote.incold.0.1.sent,capote.incold.0.1.sents28,0,1,0,0,1,0,p
457,457,58,s3,0,0,1,0,0,0,0,0,1,0,cervantes.don.1.5.sent,cervantes.don.1.5.sents3,1,0,0,1,0,0,p
458,458,58,s9,0,0,0,0,0,0,0,0,0,0,cervantes.don.1.5.sent,cervantes.don.1.5.sents9,0,0,0,0,0,0,p
459,459,58,s14,1,0,1,0,0,0,0,0,2,0,cervantes.don.1.5.sent,cervantes.don.1.5.sents14,0,0,1,0,0,1,p
463,463,58,s23,0,0,0,0,0,0,0,0,0,0,cervantes.don.1.5.sent,cervantes.don.1.5.sents23,0,0,0,0,0,0,p
468,468,59,s9,0,0,0,0,0,0,0,0,0,0,chandler.big.1.7.sent,chandler.big.1.7.sents9,0,0,0,0,0,0,p
469,469,59,s12,0,0,0,0,0,0,0,0,0,0,chandler.big.1.7.sent,chandler.big.1.7.sents12,0,0,0,0,0,0,p
470,470,59,s45,0,0,0,0,0,0,0,0,0,0,chandler.big.1.7.sent,chandler.big.1.7.sents45,1,0,0,1,0,0,p
471,471,59,s46,0,0,0,0,0,1,0,0,0,0,chandler.big.1.7.sent,chandler.big.1.7.sents46,0,1,1,0,1,1,n
473,473,59,s50,0,0,1,0,0,0,0,0,2,0,chandler.big.1.7.sent,chandler.big.1.7.sents50,0,0,0,0,0,0,p
476,476,60,s13,0,0,0,0,0,0,0,0,0,0,chandler.big.1.8.sent,chandler.big.1.8.sents13,0,0,0,0,0,0,n
477,477,60,s14,0,1,0,1,0,0,0,0,0,0,chandler.big.1.8.sent,chandler.big.1.8.sents14,0,0,0,0,0,0,n
478,478,60,s18,0,0,0,1,0,0,0,0,0,1,chandler.big.1.8.sent,chandler.big.1.8.sents18,1,2,0,0,0,0,n
479,479,60,s22,0,0,0,0,0,1,0,0,0,0,chandler.big.1.8.sent,chandler.big.1.8.sents22,0,0,1,0,0,0,n
482,482,61,s38,0,0,0,0,0,0,0,0,0,0,chandler.big.4.7.sent,chandler.big.4.7.sents38,0,0,0,0,0,0,p
483,483,61,s40,1,0,1,0,0,0,0,0,1,0,chandler.big.4.7.sent,chandler.big.4.7.sents40,0,0,0,0,0,0,p
484,484,61,s41,0,0,1,0,0,0,0,0,0,0,chandler.big.4.7.sent,chandler.big.4.7.sents41,0,0,0,0,0,0,p
485,485,61,s43,0,0,0,0,0,0,0,0,1,0,chandler.big.4.7.sent,chandler.big.4.7.sents43,0,0,0,0,0,0,p
486,486,61,s44,0,0,1,0,0,0,2,1,0,0,chandler.big.4.7.sent,chandler.big.4.7.sents44,0,1,0,0,0,0,p
487,487,62,s7,0,0,0,0,0,0,0,0,0,0,chandler.big.7.8.sent,chandler.big.7.8.sents7,0,0,0,0,0,0,n
488,488,62,s8,0,0,0,0,0,0,0,0,0,0,chandler.big.7.8.sent,chandler.big.7.8.sents8,0,0,0,0,0,0,n
493,493,63,s50,0,0,0,0,0,0,0,1,0,1,chaucer.canterbury.2.31.sent,chaucer.canterbury.2.31.sents50,0,0,0,0,0,0,p
495,495,63,s53,0,0,0,0,0,0,0,0,0,0,chaucer.canterbury.2.31.sent,chaucer.canterbury.2.31.sents53,1,0,0,1,0,0,p
496,496,63,s54,0,0,0,0,0,0,0,0,0,0,chaucer.canterbury.2.31.sent,chaucer.canterbury.2.31.sents54,0,0,0,0,0,0,p
499,499,63,s59,0,1,0,0,0,1,0,0,0,0,chaucer.canterbury.2.31.sent,chaucer.canterbury.2.31.sents59,0,2,1,0,2,1,p
500,500,63,s61,0,0,0,0,0,0,0,0,0,0,chaucer.canterbury.2.31.sent,chaucer.canterbury.2.31.sents61,0,0,0,0,0,0,p
501,501,64,s11,1,0,1,0,0,0,0,0,0,0,chopin.awakening.0.6.sent,chopin.awakening.0.6.sents11,2,0,0,2,0,0,p
502,502,64,s13,0,0,0,0,0,0,0,0,0,0,chopin.awakening.0.6.sent,chopin.awakening.0.6.sents13,0,0,0,0,0,0,p
503,503,64,s15,0,0,0,0,0,0,0,0,0,0,chopin.awakening.0.6.sent,chopin.awakening.0.6.sents15,1,0,0,1,0,0,p
504,504,64,s18,0,0,0,0,0,0,0,0,1,1,chopin.awakening.0.6.sent,chopin.awakening.0.6.sents18,3,0,0,3,0,0,p
505,505,64,s19,0,0,0,0,0,0,0,0,1,1,chopin.awakening.0.6.sent,chopin.awakening.0.6.sents19,1,0,0,1,0,0,p
506,506,64,s20,0,0,0,0,0,1,0,0,0,0,chopin.awakening.0.6.sent,chopin.awakening.0.6.sents20,1,1,0,1,1,0,p
507,507,64,s29,0,0,0,0,0,0,1,0,2,0,chopin.awakening.0.6.sent,chopin.awakening.0.6.sents29,1,0,0,1,0,0,p
508,508,64,s33,0,0,0,0,0,0,0,0,0,0,chopin.awakening.0.6.sent,chopin.awakening.0.6.sents33,1,0,0,1,0,0,p
509,509,64,s35,0,0,0,0,0,0,2,0,0,0,chopin.awakening.0.6.sent,chopin.awakening.0.6.sents35,2,0,0,2,0,0,p
510,510,64,s36,0,0,0,0,0,0,0,0,0,0,chopin.awakening.0.6.sent,chopin.awakening.0.6.sents36,0,0,0,0,0,0,p
511,511,64,s37,0,0,1,0,0,0,0,0,0,0,chopin.awakening.0.6.sent,chopin.awakening.0.6.sents37,3,0,0,3,0,0,p
512,512,64,s38,0,1,0,1,0,0,0,0,0,0,chopin.awakening.0.6.sent,chopin.awakening.0.6.sents38,3,0,0,3,0,0,p
514,514,64,s40,0,0,0,0,0,0,0,0,0,0,chopin.awakening.0.6.sent,chopin.awakening.0.6.sents40,1,0,0,1,0,0,p
515,515,64,s41,0,0,0,0,0,0,0,0,0,0,chopin.awakening.0.6.sent,chopin.awakening.0.6.sents41,0,0,0,0,0,0,p
516,516,64,s42,0,0,0,0,0,0,0,0,0,0,chopin.awakening.0.6.sent,chopin.awakening.0.6.sents42,0,0,0,0,0,0,p
521,521,65,s4,0,0,0,0,0,0,0,0,0,0,chopin.awakening.3.6.sent,chopin.awakening.3.6.sents4,2,0,0,2,0,0,p
522,522,65,s5,0,0,0,0,0,0,0,0,0,0,chopin.awakening.3.6.sent,chopin.awakening.3.6.sents5,1,0,0,1,0,0,p
523,523,65,s40,0,0,0,0,0,0,0,0,0,2,chopin.awakening.3.6.sent,chopin.awakening.3.6.sents40,1,0,0,1,0,0,p
528,528,66,s44,0,0,1,1,1,0,0,1,2,2,christie.none.1.6.sent,christie.none.1.6.sents44,1,0,0,1,0,0,n
529,529,66,s45,0,0,0,0,0,0,0,0,0,0,christie.none.1.6.sent,christie.none.1.6.sents45,0,0,0,0,0,0,n
532,532,67,s11,0,0,0,0,0,0,0,0,0,0,christie.none.1.8.sent,christie.none.1.8.sents11,1,1,0,1,0,0,p
533,533,67,s27,0,0,0,0,0,0,0,0,0,0,christie.none.1.8.sent,christie.none.1.8.sents27,0,0,0,0,0,0,p
535,535,67,s30,0,0,0,0,0,0,0,0,0,0,christie.none.1.8.sent,christie.none.1.8.sents30,0,0,0,0,0,0,p
536,536,68,s20,0,0,0,0,0,0,0,0,0,0,clarke.childhood.7.8.sent,clarke.childhood.7.8.sents20,0,0,0,0,0,0,p
537,537,68,s25,0,0,0,1,0,0,0,0,0,0,clarke.childhood.7.8.sent,clarke.childhood.7.8.sents25,2,0,0,2,0,0,p
538,538,68,s32,0,0,0,0,0,0,0,0,0,0,clarke.childhood.7.8.sent,clarke.childhood.7.8.sents32,1,0,0,1,0,0,p
539,539,68,s35,0,0,0,0,0,0,0,0,0,0,clarke.childhood.7.8.sent,clarke.childhood.7.8.sents35,0,0,1,0,0,0,p
543,543,69,s29,0,0,0,0,0,0,0,0,0,0,clarke.odyssey.4.6.sent,clarke.odyssey.4.6.sents29,0,0,0,0,0,0,p
544,544,69,s31,0,0,0,0,0,0,0,0,0,0,clarke.odyssey.4.6.sent,clarke.odyssey.4.6.sents31,0,0,0,0,0,0,p
545,545,69,s35,0,0,0,1,0,0,0,0,0,0,clarke.odyssey.4.6.sent,clarke.odyssey.4.6.sents35,0,0,0,0,0,0,p
546,546,69,s36,0,0,0,0,0,0,0,1,0,0,clarke.odyssey.4.6.sent,clarke.odyssey.4.6.sents36,0,1,0,0,1,0,p
548,548,69,s47,0,0,0,0,0,0,0,0,0,0,clarke.odyssey.4.6.sent,clarke.odyssey.4.6.sents47,0,0,0,0,0,0,p
549,549,70,s3,0,0,0,1,1,0,0,0,1,1,collins.catching.1.7.sent,collins.catching.1.7.sents3,2,1,0,0,1,0,p
551,551,70,s17,0,0,0,0,0,0,0,0,0,0,collins.catching.1.7.sent,collins.catching.1.7.sents17,0,0,0,0,0,0,p
553,553,70,s21,0,0,1,0,0,0,0,0,1,0,collins.catching.1.7.sent,collins.catching.1.7.sents21,2,0,0,1,0,0,p
554,554,71,s32,0,0,0,0,0,0,0,1,0,0,collins.hunger.0.3.sent,collins.hunger.0.3.sents32,0,2,0,0,2,0,p
555,555,71,s38,0,0,0,0,0,0,0,0,0,0,collins.hunger.0.3.sent,collins.hunger.0.3.sents38,0,0,0,0,0,0,p
556,556,71,s39,0,0,0,0,0,0,0,0,0,0,collins.hunger.0.3.sent,collins.hunger.0.3.sents39,0,0,0,0,0,0,p
557,557,71,s43,0,0,0,1,0,0,0,0,0,1,collins.hunger.0.3.sent,collins.hunger.0.3.sents43,0,1,0,0,1,0,p
564,564,72,s11,0,0,0,0,0,0,0,0,0,0,collins.hunger.1.3.sent,collins.hunger.1.3.sents11,0,0,2,0,0,2,p
565,565,72,s13,0,0,0,0,0,0,0,0,0,0,collins.hunger.1.3.sent,collins.hunger.1.3.sents13,1,0,1,1,0,1,p
566,566,72,s17,0,0,0,0,0,0,0,0,0,0,collins.hunger.1.3.sent,collins.hunger.1.3.sents17,0,0,0,0,0,0,p
567,567,72,s18,0,0,0,0,0,0,0,0,0,0,collins.hunger.1.3.sent,collins.hunger.1.3.sents18,0,0,0,0,0,0,p
569,569,72,s37,0,0,0,1,0,0,1,0,0,0,collins.hunger.1.3.sent,collins.hunger.1.3.sents37,0,0,0,0,0,0,p
570,570,72,s45,0,0,0,0,0,0,0,0,0,0,collins.hunger.1.3.sent,collins.hunger.1.3.sents45,0,0,0,0,0,0,p
572,572,72,s52,0,0,0,0,0,0,1,0,0,1,collins.hunger.1.3.sent,collins.hunger.1.3.sents52,1,0,0,1,0,0,p
573,573,72,s60,0,0,0,0,0,0,0,0,0,0,collins.hunger.1.3.sent,collins.hunger.1.3.sents60,0,0,0,0,0,0,p
574,574,72,s70,0,0,0,0,0,0,0,0,0,0,collins.hunger.1.3.sent,collins.hunger.1.3.sents70,0,1,0,0,1,0,p
575,575,72,s73,0,0,0,1,0,0,0,0,0,1,collins.hunger.1.3.sent,collins.hunger.1.3.sents73,0,1,0,0,1,0,p
577,577,73,s0,0,0,0,0,0,0,0,0,0,0,conrad.heart.0.1.sent,conrad.heart.0.1.sents0,1,0,0,1,0,0,p
583,583,73,s28,0,0,0,1,0,0,1,0,0,0,conrad.heart.0.1.sent,conrad.heart.0.1.sents28,0,0,0,0,0,0,p
584,584,73,s30,0,0,0,0,0,0,0,0,0,0,conrad.heart.0.1.sent,conrad.heart.0.1.sents30,1,1,0,1,1,0,p
585,585,73,s38,0,0,0,0,0,0,0,0,0,0,conrad.heart.0.1.sent,conrad.heart.0.1.sents38,0,0,0,0,0,0,p
588,588,74,s11,0,0,0,0,0,0,0,0,1,1,cooper.last.1.4.sent,cooper.last.1.4.sents11,0,0,0,0,0,0,n
589,589,74,s20,0,0,0,0,0,0,0,0,0,0,cooper.last.1.4.sent,cooper.last.1.4.sents20,0,1,0,0,0,0,n
590,590,74,s22,0,0,0,0,0,0,0,0,0,0,cooper.last.1.4.sent,cooper.last.1.4.sents22,0,1,0,0,0,0,n
591,591,74,s26,0,0,0,0,0,0,0,0,0,0,cooper.last.1.4.sent,cooper.last.1.4.sents26,0,0,0,0,0,0,n
592,592,74,s28,0,0,0,1,0,1,0,0,0,4,cooper.last.1.4.sent,cooper.last.1.4.sents28,0,1,0,0,0,0,n
598,598,75,s18,0,0,0,1,0,0,0,1,0,0,cooper.last.3.8.sent,cooper.last.3.8.sents18,1,0,0,1,0,0,n
599,599,75,s21,0,0,0,0,0,0,0,0,0,0,cooper.last.3.8.sent,cooper.last.3.8.sents21,0,0,0,0,0,0,n
603,603,76,s18,0,0,0,1,0,0,0,1,0,0,cooper.last.7.8.sent,cooper.last.7.8.sents18,1,0,0,1,0,0,p
605,605,76,s23,0,0,1,0,0,0,0,0,2,0,cooper.last.7.8.sent,cooper.last.7.8.sents23,1,0,0,1,0,0,p
606,606,77,s15,0,0,0,0,0,0,0,0,0,0,cormier.iam.4.8.sent,cormier.iam.4.8.sents15,1,0,0,1,0,0,p
608,608,77,s18,0,1,0,1,0,0,0,0,0,1,cormier.iam.4.8.sent,cormier.iam.4.8.sents18,0,0,1,0,0,0,p
609,609,77,s32,0,0,0,0,0,0,0,0,0,0,cormier.iam.4.8.sent,cormier.iam.4.8.sents32,1,0,0,1,0,0,p
611,611,77,s75,0,0,0,0,0,0,0,0,0,0,cormier.iam.4.8.sent,cormier.iam.4.8.sents75,0,0,0,0,0,0,p
612,612,78,s3,0,0,0,0,0,0,0,0,0,0,cuningham.hours.0.4.sent,cuningham.hours.0.4.sents3,1,0,0,1,0,0,p
613,613,78,s10,0,0,0,0,0,0,0,0,0,0,cuningham.hours.0.4.sent,cuningham.hours.0.4.sents10,1,0,0,1,0,0,p
615,615,78,s22,0,0,1,0,0,0,0,0,2,1,cuningham.hours.0.4.sent,cuningham.hours.0.4.sents22,0,0,0,0,0,0,p
616,616,78,s23,0,0,0,1,0,0,0,0,3,0,cuningham.hours.0.4.sent,cuningham.hours.0.4.sents23,1,0,0,1,0,0,p
617,617,78,s35,0,0,0,0,0,0,0,0,0,0,cuningham.hours.0.4.sent,cuningham.hours.0.4.sents35,1,0,0,1,0,0,p
618,618,78,s59,0,0,0,0,0,0,0,0,0,0,cuningham.hours.0.4.sent,cuningham.hours.0.4.sents59,2,0,0,2,0,0,p
619,619,78,s60,0,0,1,0,0,0,0,0,1,0,cuningham.hours.0.4.sent,cuningham.hours.0.4.sents60,1,0,0,1,0,0,p
621,621,79,s16,0,0,0,0,0,0,0,0,0,0,danticat.breath.0.3.sent,danticat.breath.0.3.sents16,1,0,0,1,0,0,p
622,622,79,s48,0,0,0,0,0,0,0,0,0,0,danticat.breath.0.3.sent,danticat.breath.0.3.sents48,0,0,1,0,0,0,p
623,623,79,s52,0,0,0,0,0,0,0,0,0,0,danticat.breath.0.3.sent,danticat.breath.0.3.sents52,0,0,0,0,0,0,p
627,627,80,s0,0,0,0,0,1,0,0,0,1,0,danticat.breath.2.7.sent,danticat.breath.2.7.sents0,0,0,1,0,0,1,p
628,628,80,s1,0,0,0,0,0,0,0,0,0,0,danticat.breath.2.7.sent,danticat.breath.2.7.sents1,0,0,2,0,0,2,p
631,631,80,s6,0,0,0,0,0,0,0,0,1,0,danticat.breath.2.7.sent,danticat.breath.2.7.sents6,0,0,1,0,0,0,p
632,632,80,s9,0,0,0,0,0,0,0,0,0,0,danticat.breath.2.7.sent,danticat.breath.2.7.sents9,0,0,0,0,0,0,p
633,633,81,s25,1,0,0,0,1,0,0,0,0,0,danticat.breath.6.7.sent,danticat.breath.6.7.sents25,0,0,0,0,0,0,p
634,634,81,s26,0,0,0,0,0,0,0,0,0,0,danticat.breath.6.7.sent,danticat.breath.6.7.sents26,1,0,0,0,0,0,p
635,635,81,s28,0,0,0,0,0,0,0,0,0,0,danticat.breath.6.7.sent,danticat.breath.6.7.sents28,1,0,0,1,0,0,p
636,636,81,s32,0,0,0,1,0,0,0,0,0,0,danticat.breath.6.7.sent,danticat.breath.6.7.sents32,0,0,2,0,0,2,p
639,639,81,s50,0,0,1,0,0,0,0,0,1,1,danticat.breath.6.7.sent,danticat.breath.6.7.sents50,1,0,0,1,0,0,p
640,640,81,s51,0,0,0,0,0,0,1,0,1,0,danticat.breath.6.7.sent,danticat.breath.6.7.sents51,0,0,0,0,0,0,p
641,641,81,s52,0,0,0,0,0,0,0,0,0,0,danticat.breath.6.7.sent,danticat.breath.6.7.sents52,0,0,0,0,0,0,p
642,642,81,s54,0,0,0,0,0,0,0,0,0,0,danticat.breath.6.7.sent,danticat.breath.6.7.sents54,0,1,0,0,0,0,p
646,646,82,s70,0,0,1,0,0,0,0,0,0,0,dickens.bleak.2.11.sent,dickens.bleak.2.11.sents70,0,0,0,0,0,0,p
650,650,83,s8,0,0,0,0,0,0,0,0,0,0,dickens.bleak.3.17.sent,dickens.bleak.3.17.sents8,0,0,0,0,0,0,n
653,653,83,s67,0,0,0,0,0,0,0,1,0,0,dickens.bleak.3.17.sent,dickens.bleak.3.17.sents67,0,1,0,0,1,0,n
656,656,84,s77,0,0,0,0,1,0,0,0,0,0,dickens.bleak.14.17.sent,dickens.bleak.14.17.sents77,1,0,0,1,0,0,p
657,657,84,s80,0,0,0,0,1,0,0,0,0,0,dickens.bleak.14.17.sent,dickens.bleak.14.17.sents80,1,0,0,0,0,0,p
661,661,85,s37,0,0,0,1,0,0,0,0,0,0,dickens.bleak.14.19.sent,dickens.bleak.14.19.sents37,0,0,0,0,0,0,p
666,666,86,s60,0,0,0,0,0,0,0,0,0,0,dickens.bleak.17.18.sent,dickens.bleak.17.18.sents60,0,0,0,0,0,0,p
667,667,86,s79,0,0,0,0,0,0,0,0,0,0,dickens.bleak.17.18.sent,dickens.bleak.17.18.sents79,0,0,0,0,0,0,p
668,668,86,s80,0,0,0,0,0,0,1,0,0,0,dickens.bleak.17.18.sent,dickens.bleak.17.18.sents80,1,0,0,0,0,0,p
670,670,86,s108,0,0,1,0,0,0,0,0,0,0,dickens.bleak.17.18.sent,dickens.bleak.17.18.sents108,2,0,0,1,0,0,p
673,673,86,s116,0,0,1,0,0,0,0,0,0,0,dickens.bleak.17.18.sent,dickens.bleak.17.18.sents116,2,0,0,1,0,0,p
675,675,86,s118,0,0,0,0,0,0,0,0,0,0,dickens.bleak.17.18.sent,dickens.bleak.17.18.sents118,0,0,0,0,0,0,p
676,676,86,s122,0,0,0,0,0,0,0,0,0,0,dickens.bleak.17.18.sent,dickens.bleak.17.18.sents122,0,0,2,0,0,0,p
677,677,87,s0,0,0,0,0,0,0,0,0,0,0,dickens.bleak.17.19.sent,dickens.bleak.17.19.sents0,0,0,0,0,0,0,p
678,678,87,s21,0,0,0,0,0,0,0,0,0,0,dickens.bleak.17.19.sent,dickens.bleak.17.19.sents21,0,0,0,0,0,0,p
679,679,87,s22,0,0,0,0,0,0,0,0,0,0,dickens.bleak.17.19.sent,dickens.bleak.17.19.sents22,0,0,1,0,0,1,p
682,682,87,s75,0,0,0,0,0,0,0,0,0,0,dickens.bleak.17.19.sent,dickens.bleak.17.19.sents75,1,0,0,1,0,0,p
690,690,88,s26,0,0,0,0,0,0,0,0,0,0,dickens.david.9.15.sent,dickens.david.9.15.sents26,2,0,1,2,0,0,p
693,693,88,s35,1,0,0,0,0,0,1,0,1,1,dickens.david.9.15.sent,dickens.david.9.15.sents35,2,0,0,2,0,0,p
695,695,88,s39,0,0,0,0,0,0,0,0,0,0,dickens.david.9.15.sent,dickens.david.9.15.sents39,1,0,0,1,0,0,p
696,696,88,s40,0,0,1,0,0,0,0,0,0,0,dickens.david.9.15.sent,dickens.david.9.15.sents40,1,0,0,1,0,0,p
700,700,89,s34,0,0,1,0,0,0,0,0,0,0,dickens.great.4.9.sent,dickens.great.4.9.sents34,1,0,0,1,0,0,p
701,701,89,s37,0,0,0,0,0,0,0,0,0,0,dickens.great.4.9.sent,dickens.great.4.9.sents37,0,0,0,0,0,0,p
703,703,90,s9,0,0,1,1,0,0,0,0,2,0,dickens.great.5.9.sent,dickens.great.5.9.sents9,0,1,0,0,0,0,n
705,705,90,s11,0,0,0,1,0,0,0,0,0,0,dickens.great.5.9.sent,dickens.great.5.9.sents11,0,1,0,0,0,0,n
706,706,90,s20,0,0,0,1,0,0,0,0,0,0,dickens.great.5.9.sent,dickens.great.5.9.sents20,0,0,0,0,0,0,n
711,711,90,s36,0,0,0,0,0,0,0,1,0,1,dickens.great.5.9.sent,dickens.great.5.9.sents36,1,1,0,0,0,0,n
713,713,91,s17,0,0,1,0,0,0,0,0,0,0,dickens.great.6.9.sent,dickens.great.6.9.sents17,0,0,0,0,0,0,p
714,714,91,s18,0,0,1,0,0,0,0,0,0,0,dickens.great.6.9.sent,dickens.great.6.9.sents18,1,0,0,1,0,0,p
715,715,91,s19,0,0,0,0,0,0,0,0,0,0,dickens.great.6.9.sent,dickens.great.6.9.sents19,1,0,0,1,0,0,p
716,716,91,s36,0,0,0,0,0,0,0,1,1,0,dickens.great.6.9.sent,dickens.great.6.9.sents36,1,1,0,0,0,0,p
717,717,91,s37,0,0,0,0,0,0,0,0,0,0,dickens.great.6.9.sent,dickens.great.6.9.sents37,0,0,0,0,0,0,p
720,720,91,s45,0,0,0,0,0,0,0,0,0,0,dickens.great.6.9.sent,dickens.great.6.9.sents45,1,0,0,1,0,0,p
722,722,92,s8,0,0,0,0,0,0,0,0,0,0,dickens.great.7.9.sent,dickens.great.7.9.sents8,0,0,1,0,0,0,p
723,723,92,s13,0,0,0,0,0,0,0,0,0,0,dickens.great.7.9.sent,dickens.great.7.9.sents13,3,0,0,1,0,0,p
726,726,92,s27,0,0,1,0,0,0,0,0,2,0,dickens.great.7.9.sent,dickens.great.7.9.sents27,1,0,0,1,0,0,n
727,727,92,s30,0,0,1,0,0,0,0,0,2,0,dickens.great.7.9.sent,dickens.great.7.9.sents30,1,0,0,1,0,0,p
728,728,92,s33,0,0,0,0,0,0,0,0,0,0,dickens.great.7.9.sent,dickens.great.7.9.sents33,0,0,0,0,0,0,p
734,734,93,s42,0,0,0,0,1,0,0,0,1,1,dickens.great.9.11.sent,dickens.great.9.11.sents42,0,0,0,0,0,0,p
738,738,94,s23,0,0,0,1,0,0,1,0,0,0,dickens.hard.7.10.sent,dickens.hard.7.10.sents23,2,1,1,0,1,1,p
739,739,94,s24,0,0,0,1,0,1,0,0,0,1,dickens.hard.7.10.sent,dickens.hard.7.10.sents24,0,1,0,0,1,0,p
740,740,94,s29,0,0,0,0,0,0,0,0,0,0,dickens.hard.7.10.sent,dickens.hard.7.10.sents29,0,0,0,0,0,0,p
741,741,95,s12,0,0,0,0,0,0,1,0,0,0,dostoevsky.brothers.0.1.sent,dostoevsky.brothers.0.1.sents12,2,0,0,1,0,0,n
748,748,96,s12,0,0,0,0,0,0,0,0,0,0,dostoevsky.brothers.0.6.sent,dostoevsky.brothers.0.6.sents12,2,0,0,1,0,0,n
749,749,96,s13,0,0,0,0,0,0,0,0,0,0,dostoevsky.brothers.0.6.sent,dostoevsky.brothers.0.6.sents13,0,0,0,0,0,0,n
750,750,96,s23,0,0,0,0,0,0,0,0,0,0,dostoevsky.brothers.0.6.sent,dostoevsky.brothers.0.6.sents23,1,0,0,1,0,0,n
759,759,96,s76,0,0,1,0,0,0,1,0,1,0,dostoevsky.brothers.0.6.sent,dostoevsky.brothers.0.6.sents76,1,0,0,0,0,0,p
760,760,97,s12,0,0,0,0,1,0,0,0,0,0,dostoevsky.brothers.1.6.sent,dostoevsky.brothers.1.6.sents12,2,0,0,0,0,0,p
761,761,97,s13,0,0,0,0,0,0,0,0,0,0,dostoevsky.brothers.1.6.sent,dostoevsky.brothers.1.6.sents13,0,0,0,0,0,0,p
763,763,97,s50,0,0,0,0,0,1,0,0,0,0,dostoevsky.brothers.1.6.sent,dostoevsky.brothers.1.6.sents50,1,0,0,0,0,0,n
766,766,97,s55,0,0,1,0,0,0,0,0,0,0,dostoevsky.brothers.1.6.sent,dostoevsky.brothers.1.6.sents55,2,0,0,0,0,0,p
767,767,97,s56,0,0,0,0,0,0,0,0,0,0,dostoevsky.brothers.1.6.sent,dostoevsky.brothers.1.6.sents56,1,0,0,1,0,0,p
768,768,97,s76,0,0,2,0,0,0,0,0,0,0,dostoevsky.brothers.1.6.sent,dostoevsky.brothers.1.6.sents76,1,0,0,0,0,0,p
773,773,98,s31,0,0,0,0,0,0,0,0,0,0,dostoevsky.brothers.3.7.sent,dostoevsky.brothers.3.7.sents31,2,0,0,2,0,0,p
776,776,99,s4,0,0,0,0,0,0,0,0,0,0,dostoevsky.brothers.4.6.sent,dostoevsky.brothers.4.6.sents4,0,0,1,0,0,1,n
777,777,99,s8,0,0,1,0,0,0,0,0,0,0,dostoevsky.brothers.4.6.sent,dostoevsky.brothers.4.6.sents8,1,1,0,0,0,0,n
778,778,99,s10,0,0,0,0,0,0,0,0,0,2,dostoevsky.brothers.4.6.sent,dostoevsky.brothers.4.6.sents10,1,0,0,1,0,0,n
779,779,99,s12,0,0,0,0,1,0,0,0,0,0,dostoevsky.brothers.4.6.sent,dostoevsky.brothers.4.6.sents12,2,0,0,2,0,0,n
780,780,99,s25,0,0,0,0,0,2,0,0,0,0,dostoevsky.brothers.4.6.sent,dostoevsky.brothers.4.6.sents25,1,1,0,0,0,0,n
789,789,100,s26,0,0,0,0,1,0,0,0,0,0,dostoevsky.brothers.6.7.sent,dostoevsky.brothers.6.7.sents26,1,0,1,1,0,1,p